0,下列说法正确的是,I的原子半径大于Br，HI比HBr的热稳定性强,P的非金属性强于Si，H3PO4比H2SiO3的酸性强,Al2O3和MgO均可与NaOH溶液反应,SO2和SO3混合气体通入Ba(NO3)2溶液可得到BaSO3和BaSO4,B,B题目：下列说法正确的是A. I的原子半径大于Br，HI比HBr的热稳定性强B. P的非金属性强于Si，H3PO4比H2SiO3的酸性强C. Al2O3和MgO均可与NaOH溶液反应D. SO2和SO3混合气体通入Ba(NO3)2溶液可得到BaSO3和BaSO4解析：A. 错误，I的原子半径确实大于Br，但HI的热稳定性弱于HBr。B. 正确，P的非金属性强于Si，因此H3PO4的酸性强于H2SiO3。C. 错误，Al2O3不与NaOH溶液反应，而MgO可以。D. 错误，SO2和SO3混合气体通入Ba(NO3)2溶液主要生成BaSO4沉淀，而不生成BaSO3。所以正确答案是B。
1,下列相关实验不能达到预期目的的是,相关实验:把装有颜色相同的NO2和N2O4混合气体的两支试管(密封)分别浸入冷水和热水中。预期目的:探究温度对化学平衡的影响。,相关实验:相同温度下，等质量的大理石块、大理石粉分别与等体积、等浓度的盐酸反应。预期目的:探究接触面积对化学反应速率的影响。,相关实验:两支试管中装有等体积、等浓度的H2O2溶液，向其中一支试管中加入FeCl3溶液。预期目的:探究FeCl3溶液对H2O2分解速率的影响。,相关实验:在蔗糖中加入稀硫酸，水浴加热，再加入新制的氢氧化铜悬浊液并加热。预期目的:探究蔗糖水解产物具有还原性。,D,D题目：下列相关实验不能达到预期目的的是A. 相关实验:把装有颜色相同的NO2和N2O4混合气体的两支试管(密封)分别浸入冷水和热水中。预期目的:探究温度对化学平衡的影响。B. 相关实验:相同温度下，等质量的大理石块、大理石粉分别与等体积、等浓度的盐酸反应。预期目的:探究接触面积对化学反应速率的影响。C. 相关实验:两支试管中装有等体积、等浓度的H2O2溶液，向其中一支试管中加入FeCl3溶液。预期目的:探究FeCl3溶液对H2O2分解速率的影响。D. 相关实验:在蔗糖中加入稀硫酸，水浴加热，再加入新制的氢氧化铜悬浊液并加热。预期目的:探究蔗糖水解产物具有还原性。答案是：D解析：选项D中的实验设计存在问题，因为蔗糖水解产生的葡萄糖虽然具有还原性，但使用氢氧化铜悬浊液来检测还原性并不合适。正确的检测方法应该是使用银氨溶液或斐林试剂进行还原性检测。因此，该实验不能达到预期目的。
2,下列说法中正确的是,电子层数相同的原子核外电子排布，其最外层电子数呈现从1→8的周期性变化,元素性质的周期性变化是指原子半径、元素的主要化合价及原子核外电子排布的周期性变化,从Li→F，Na→Cl，元素的最高化合价均呈现从＋1价→＋7价的变化,元素性质的周期性变化决定于元素原子结构的周期性变化,D,D
3,下列两种物质间发生反应，消耗等物质的量的酸，产生气体最多的是,木炭与浓硝酸,铜与稀硝酸,锌与稀硫酸,木炭与浓硫酸,D,题目：下列两种物质间发生反应，消耗等物质的量的酸，产生气体最多的是A. 木炭与浓硝酸B. 铜与稀硝酸C. 锌与稀硫酸D. 木炭与浓硫酸答案是：C解析：锌与稀硫酸反应生成氢气（Zn + H2SO4 → ZnSO4 + H2↑），而其他选项中的反应要么不会生成气体（如木炭与浓硝酸、木炭与浓硫酸），要么生成的气体较少（如铜与稀硝酸生成一氧化氮而非氢气）。因此，消耗等物质的量的酸时，锌与稀硫酸产生的气体最多。
4,下列实验操作或者结论正确的是,配制一定物质的量浓度的溶液时，容量瓶必须洁净、干燥、不漏水,实验室配制500 mL 0.2 mol·L^－1的硫酸亚铁溶液，其操作是：用天平称27.8 g绿矾，放入500 mL容量瓶，加水溶解、稀释、定容、摇匀,实验室里需要480 mL 2.0 mol·L^－1的氢氧化钠溶液，配制溶液时先称量氢氧化钠固体38.4 g，然后再按照溶解、冷却、移液、定容、摇匀等步骤进行操作,25 °C时，用惰性电极电解某浓度的NaOH溶液，一小段时间后，NaOH溶液的浓度可能增大，也可能不变,D,D
5,《神农本草经》说：“水银……镕化(加热)还复为丹。”《黄帝九鼎神丹经》中的“柔丹”、“伏丹”都是在土釜中加热Hg制得的。这里的“丹”是指,合金,氯化物 ,硫化物 ,氧化物,D,C
6,短周期元素X、Y、Z具有如下所列性质：X单质与水发生剧烈的反应。Y最高价氧化物对应水化物(Q)是强酸。Z主要化合价为－2、＋6。则下列说法中正确的是,Q与锌作用时一定能生成氢气,与水反应时，X的单质一定被氧化,符合条件的Y元素只有一种,X、Z的单质在一定条件下能反应,D,D解析：- X单质与水发生剧烈反应，说明X可能是活泼金属如锂、钠等。- Y最高价氧化物对应水化物Q是强酸，且Y是短周期元素，符合条件的Y只能是氯(Cl)，因为氯的最高价态为+7，其对应的最高价氧化物对应水化物HClO4是强酸。- Z主要化合价为-2、+6，说明Z是硫(S)。综上所述，X可以是锂(Li)或钠(Na)，Y是氯(Cl)，Z是硫(S)。因此，X和Z（即硫）的单质（如硫磺和硫化钠等）在一定条件下确实能够反应。
7,下列关于实验操作的说法正确的是,盛放NaOH溶液时，使用带玻璃塞的磨口瓶,使用容量瓶配制溶液时，俯视刻度线定容后所得溶液浓度偏高,用苯萃取溴水中的溴时，将溴的苯溶液从分液漏斗下口放出,证明一瓶红棕色气体是溴蒸气还是二氧化氮，可用湿润的碘化钾淀粉试纸检验，观察试纸颜色的变化,B,B题目解析：A. 盛放NaOH溶液时，应该避免使用带玻璃塞的磨口瓶，因为NaOH会与玻璃中的SiO2反应生成硅酸钠，导致瓶塞难以打开。B. 使用容量瓶配制溶液时，如果俯视刻度线定容，会导致溶液体积偏小，因此所得溶液浓度偏高。C. 用苯萃取溴水中的溴时，溴的苯溶液应从分液漏斗上口倒出，因为苯的密度小于水。D. 证明一瓶红棕色气体是溴蒸气还是二氧化氮，不能用湿润的碘化钾淀粉试纸，因为两者都能使湿润的淀粉碘化钾试纸变蓝（生成碘）。正确的做法是用湿润的有色布条或湿润的蓝色石蕊试纸检验，溴蒸气会使试纸褪色，而二氧化氮不会。
8,下列每个选项中，甲、乙两个反应属于同一种反应类型的是,甲:乙甲烷与氯气反应制备四氯化碳。乙：乙烯通入酸性KMnO4溶液中。,甲:葡萄糖与新制Cu(OH)2悬浊液作用转化为葡萄糖酸。乙：苯与液溴反应制备溴苯。,甲:乙醇转化为乙。乙：乙烯与HCl作用制备氯乙烷。,甲:乙酸乙酯在稀硫酸存在下与水反应。乙：乙醇与冰醋酸反应生成乙酸乙酯。,D,题目：下列每个选项中，甲、乙两个反应属于同一种反应类型的是A. 甲:乙甲烷与氯气反应制备四氯化碳。乙：乙烯通入酸性KMnO4溶液中。B. 甲:葡萄糖与新制Cu(OH)2悬浊液作用转化为葡萄糖酸。乙：苯与液溴反应制备溴苯。C. 甲:乙醇转化为乙。乙：乙烯与HCl作用制备氯乙烷。D. 甲:乙酸乙酯在稀硫酸存在下与水反应。乙：乙醇与冰醋酸反应生成乙酸乙酯。答案是：D解析：D选项中的甲反应是水解反应（酯化物水解），乙反应也是酯化反应（乙醇与乙酸反应生成乙酸乙酯）。其他选项中的反应类型不同。
9,下列叙述正确的,利用化学方法，我们可以制造出新的分子，但不能制造出新的原子,向溶液中加入BaCl2溶液，产生不溶于硝酸的白色沉淀，该溶液中一定含有Ag＋,明矾水解时产生具有吸附性的胶体粒子，故明矾可作漂白剂,“低碳经济”提倡大量使用煤、石油、天然气等化石燃料,A,A正确答案是：A. 利用化学方法，我们可以制造出新的分子，但不能制造出新的原子。这是正确的，因为在化学反应中，原子是不可分割的基本单位，只能重新组合形成新的分子或化合物。
10,化学与科学、技术、社会、环境密切相关。下列有关说法错误的是,为防止中秋月饼等富脂食品因被氧化而变质，常在包装袋中放入生石灰或硅胶,国庆节期间燃放的焰火的颜色是某些金属元素焰色反应所呈现出来的色彩,小苏打是制作馒头和面包等糕点的膨松剂，还是治疗胃酸过多的一种药剂,青铜是我国使用最早的合金材料，目前世界上使用量最大的合金材料是钢铁,A,A题目：化学与科学、技术、社会、环境密切相关。下列有关说法错误的是A. 为防止中秋月饼等富脂食品因被氧化而变质，常在包装袋中放入生石灰或硅胶B. 国庆节期间燃放的焰火的颜色是某些金属元素焰色反应所呈现出来的色彩C. 小苏打是制作馒头和面包等糕点的膨松剂，还是治疗胃酸过多的一种药剂D. 青铜是我国使用最早的合金材料，目前世界上使用量最大的合金材料是钢铁答案是：A解释：选项A中的说法是错误的。通常在食品包装中放入的是脱氧剂而不是生石灰或硅胶，生石灰或硅胶主要用于吸湿。正确的做法是在食品包装中放入脱氧剂来吸收氧气，防止食物氧化变质。其他选项B、C、D都是正确的。
11,设NA表示阿伏加德罗常数的值，下列关于7.8 g过氧化钠固体的说法正确的是,与足量的CO2反应，转移电子数为0.1NA,其中所含离子总数为0.4NA,与足量的H2O反应，生成O2分子数为0.1NA,其中所含电子总数为0.4NA,A,A解析如下：对于最后一题，7.8 g过氧化钠（Na2O2）的摩尔质量是78 g/mol，因此7.8 g对应的物质的量是0.1 mol。过氧化钠与水或二氧化碳反应时，每2个Na2O2会失去2个电子，所以0.1 mol Na2O2会转移0.1NA个电子，故选项A正确。- 选项B：0.1 mol Na2O2含有0.2NA个Na+和0.2NA个O2-，总共0.4NA个离子。- 选项C：过氧化钠与水反应生成氧气的化学方程式为2Na2O2 + 2H2O → 4NaOH + O2↑，0.1 mol Na2O2生成0.05 mol O2，即0.05NA个O2分子。- 选项D：每个Na2O2分子含有32个电子（2个钠原子，每个钠原子11个电子；2个氧原子，每个氧原子8个电子），0.1 mol Na2O2含有3.2NA个电子。综上所述，正确答案是A。
12,五种短周期主族元素X、Y、Z、W、M，它们的原子序数依次增大；其中X、W同主族，Y和M同主族；Y、M质子数之和是X、W质子数之和的2倍。下列说法中正确的是,Z在元素周期表中的位置是第二周期ⅥA族,与X形成化合物的稳定性Z＞Y＞M,单质Y和W在常温下化合生成W2Y2,M、W、Y所形成的化合物水溶液呈碱性,B,题目：五种短周期主族元素X、Y、Z、W、M，它们的原子序数依次增大；其中X、W同主族，Y和M同主族；Y、M质子数之和是X、W质子数之和的2倍。下列说法中正确的是答案是：B解析：- X、W同主族，设X的原子序数为n，则W的原子序数为n+8（因为它们是同一主族且原子序数依次增大）。- Y和M同主族，设Y的原子序数为m，则M的原子序数为m+8。- Y、M质子数之和是X、W质子数之和的2倍，即 \(m + (m + 8) = 2(n + n + 8)\)，简化后得到 \(2m + 8 = 4n + 16\)，进一步简化得到 \(m = 2n + 4\)。根据上述关系，我们尝试找出符合条件的元素：- 如果X是C（碳），则n=6，W是S（硫），n+8=14。- 如果Y是O（氧），则m=2*6+4=16，M是P（磷），m+8=24。因此，X是C，Y是O，Z未知，W是S，M是P。现在验证每个选项：A. Z在元素周期表中的位置是第二周期ⅥA族，Z未确定，但可以推断是N（氮），位于第二周期第VIA族，正确。B. 与X形成化合物的稳定性Z＞Y＞M，即N（氮）＞O（氧）＞P（磷）。氮气分子间的三键比氧分子间的双键更强，而磷的非金属性较弱，所以稳定性排序合理，正确。C. 单质Y和W在常温下化合生成W2Y2，即SO2，但这不是常温下的反应产物，错误。D. M、W、Y所形成的化合物水溶液呈碱性，M、W、Y分别是P、S、O，形成的化合物如硫酸氢铵(H2SO4·NH4HSO4)是酸性的，错误。综上所述，正确的选项是B。
13,我国古代文献资料中记载了大量的化学研究过程与成果。下列选项不涉及化学变化的是,原文：水火既济而土和。解释：黏土烧结成陶瓷。,原文：欲去杂还纯，再入水煎炼，倾入盆中，经宿成白雪。解释：重结晶方法提纯物质。,原文：以曾青凃铁，铁赤色如铜。解释：金属的置换。,原文：丹砂烧之成水银，积变又还成丹砂。解释：物质间转化的可逆性。,B,B解析如下：- A项描述的是化学变化，因为黏土烧结成陶瓷涉及到物质结构的变化。- B项描述的是物理过程中的提纯，没有新的化学物质生成，属于物理变化。- C项描述的是金属的置换反应，涉及化学变化。- D项描述的是物质间的可逆转化，涉及化学变化。
14,下列各组变化中，前者是物理变化，后者是化学变化的是,碘的升华、石油的分馏,蛋白质溶液中加饱和(NH4)2SO4溶液、蓝色的胆矾常温下变白,NH4Cl溶液除铁锈、食盐水导电,热的饱和KNO3溶液降温析出晶体、二硫化碳洗涤试管内壁上的硫,B,答案是：D
15,下列叙述正确的是,0.1 mol·L－^1CH3COONa溶液中：c(Na＋)>c(CH3COO－)>c(H＋)>c(OH－),pH＝5的CH3COOH溶液和pH＝5的NH4Cl溶液中，c(H＋)不相等,在Na2S溶液中加入AgCl固体，溶液中c(S2－)下降,Na2CO3溶液加水稀释后，恢复至原温度，pH和Kw均减小,C,C题目：下列叙述正确的是A. 0.1 mol·L－^1CH3COONa溶液中：c(Na＋)>c(CH3COO－)>c(H＋)>c(OH－)B. pH＝5的CH3COOH溶液和pH＝5的NH4Cl溶液中，c(H＋)不相等C. 在Na2S溶液中加入AgCl固体，溶液中c(S2－)下降D. Na2CO3溶液加水稀释后，恢复至原温度，pH和Kw均减小正确答案是：C。在Na2S溶液中加入AgCl固体，由于银离子的存在会与硫离子结合生成沉淀，导致溶液中c(S2－)下降。其他选项的描述不符合实际情况或原理。
16,列物质的使用不涉及化学变化的是,明矾用作净水剂,生石灰作干燥剂,液氨用作制冷剂,氢氟酸刻蚀玻璃,C,答案是：C题目：下列物质的使用不涉及化学变化的是A. 明矾用作净水剂B. 生石灰作干燥剂C. 液氨用作制冷剂D. 氢氟酸刻蚀玻璃解析：明矾净水、生石灰作干燥剂、氢氟酸刻蚀玻璃都涉及化学变化。液氨用作制冷剂主要是通过液态变为气态吸收热量的过程，没有产生新的物质，因此属于物理变化。
17,关于离子交换法净化水的过程，下列说'法中错误的是,通过净化处理后，水的导电性降低,阴离子树脂填充段存在反应H+ + OH- = H2O,水中的NO2、SO42-，Cl-通过阴离子树脂后被除,经过阳离子交换树脂后，水中阳离子的总数不变,D,题目：关于离子交换法净化水的过程，下列说法中错误的是A. 通过净化处理后，水的导电性降低B. 阴离子树脂填充段存在反应H+ + OH- = H2OC. 水中的NO2-、SO42-、Cl-通过阴离子树脂后被除去D. 经过阳离子交换树脂后，水中阳离子的总数不变答案是：B解析：B项错误的原因在于，在阴离子树脂填充段，并不会发生H+和OH-之间的反应生成水（H+ + OH- = H2O）。实际上，阴离子树脂主要与水中的阴离子进行交换，而不是与水中的H+和OH-反应。其他选项描述的内容都是正确的。
18,“春蚕到死丝方尽，蜡炬成灰泪始干”是唐代诗人李商隐的著名诗句，下列关于该诗句中所涉及物质的说法错误的是,蚕丝的主要成分是蛋白质,古代的蜡是高级脂肪酸酯，属于高分子聚合物,蚕丝属于天热高分子材料,“蜡炬成灰”过程中发生了氧化反应,B,B解析：- **A** 项错误，古代的蜡主要成分是高级脂肪酸酯，并不是真正的高分子聚合物。- **B** 项正确，古代的蜡确实是高级脂肪酸酯。- **C** 项正确，蚕丝的主要成分确实是蛋白质，属于天然高分子材料。- **D** 项正确，“蜡炬成灰”过程中确实发生了氧化反应。因此，错误的选项是 B。
19,下列有关实验原理、方法和结论都正确的是,用蒸馏水、酚酞、BaCl2溶液和已知浓度盐酸标准液作试剂，可测定NaOH固体(杂质仅为Na2CO3)的纯度,实验室中的CCl4含有少量溴，加适量的苯，振荡、静置后分液，可除去CCl4中的溴,已知Cu2O＋2H＋===Cu2＋＋Cu＋H2O，氢气还原氧化铜后所得红色固体能完全溶于稀硝酸，说明还原产物是铜,取一定量水垢加盐酸，生成能使澄清石灰水变浑浊的气体，说明水垢的主要成分为CaCO3、MgCO3,A,答案是：D解析：A项，虽然可以使用酚酞来判断NaOH是否已经完全反应，但是无法直接通过滴定BaCl2溶液来准确测定NaOH的纯度，因为Na2CO3也会与BaCl2反应生成沉淀，这会干扰测定结果。B项，这种方法并不能有效去除CCl4中的Br2，因为Br2和苯在常温下互溶，不能形成两相进行分离。C项，氢气还原氧化铜后所得的红色固体可能是Cu或Cu2O，如果完全溶于稀硝酸，生成的Cu2+可能会被进一步氧化为Cu2+，因此不能仅凭此现象断定还原产物是铜。D项，水垢与盐酸反应生成的气体能使澄清石灰水变浑浊，说明该气体为CO2，而CaCO3、MgCO3均能与盐酸反应生成CO2，所以此结论是正确的。
20,下列物质性质与应用对应关系正确的是,水玻璃易溶于水，可用于生产黏合剂和防火剂,明矾溶于水能产生Al(OH)3胶体，可用作净水剂,钠和钾的合金具有导电性，可用于快中子反应堆热交换剂,甲醛能使蛋白质变性，可用于食品防腐剂,B,B题目：下列物质性质与应用对应关系正确的是A. 水玻璃易溶于水，可用于生产黏合剂和防火剂B. 明矾溶于水能产生Al(OH)3胶体，可用作净水剂C. 钠和钾的合金具有导电性，可用于快中子反应堆热交换剂D. 甲醛能使蛋白质变性，可用于食品防腐剂答案是：B
21,类推法在化学学习中经常采用，下列类推的结论正确的是,由常温下金属钠、铝可溶于NaOH溶液，可知金属镁也能溶于NaOH溶液,常温下，由Cu＋4HNO3(浓)===Cu(NO3)2＋2NO2↑＋2H2O，所以Fe也能与浓硝酸反应产生NO2,由钠保存在煤油中，所以钾也可以保存在煤油中,由Cl2＋2KBr===2KCl＋Br2，所以F2也能与KBr溶液反应置换出Br2,C,题目：类推法在化学学习中经常采用，下列类推的结论正确的是A. 由常温下金属钠、铝可溶于NaOH溶液，可知金属镁也能溶于NaOH溶液B. 常温下，由Cu＋4HNO3(浓)===Cu(NO3)2＋2NO2↑＋2H2O，所以Fe也能与浓硝酸反应产生NO2C. 由钠保存在煤油中，所以钾也可以保存在煤油中D. 由Cl2＋2KBr===2KCl＋Br2，所以F2也能与KBr溶液反应置换出Br2答案是：C解析：- A选项，镁的活泼性比钠和铝弱，虽然可以与NaOH溶液反应，但需要加热。- B选项，铁（Fe）不会与浓硝酸反应生成二氧化氮（NO2），而是在稀硝酸中才会发生反应。- C选项，钠和钾都是活泼金属，都需要保存在非水溶剂中，如煤油，以隔绝空气和水，防止发生危险反应。- D选项，氟（F2）的氧化性极强，可以将溴（Br2）从KBr溶液中置换出来，但这个反应条件非常苛刻，且通常不是通过简单的置换反应实现的。
22,下列化合物的分子中，所有原子可能共平面的是,甲苯,乙烷,1，3-丁二烯,丙炔,C,答案是：C题目：下列化合物的分子中，所有原子可能共平面的是A. 甲苯B. 乙烷C. 1，3-丁二烯D. 丙炔答案是：C
23,下列说法正确的是,将石蜡油(液态烷烃混合物)加强热分解生成的气体都是烷烃,甲苯能够使溴的四氯化碳溶液和酸性高锰酸钾溶液褪色,乙醇能够被酸性的高锰酸钾溶液直接氧化成乙酸,乙烷与氯气在光照条件下发生加成反应,C,B题目：下列说法正确的是A. 将石蜡油(液态烷烃混合物)加强热分解生成的气体都是烷烃B. 甲苯能够使溴的四氯化碳溶液和酸性高锰酸钾溶液褪色C. 乙醇能够被酸性的高锰酸钾溶液直接氧化成乙酸D. 乙烷与氯气在光照条件下发生加成反应正确答案是 B。甲苯确实可以被酸性高锰酸钾氧化成苯甲酸，并且可以与溴发生取代反应使溴的四氯化碳溶液褪色。而其他选项描述的情况要么不符合实际情况，要么本身就是错误的。
24,下列变化不能说明发生了化学变化的是,变化时释放或吸收能量,变化时有电子的得失或共用电子对的形成,变化过程中有化学键的断裂和形成,变化前后原子的种类和数目没有改变，分子种类增加了,A,答案是：D
25,下列说法正确的是,用玻璃棒蘸取某溶液做焰色反应实验，火焰呈黄色并不能说明该溶液中含有钠元素,测氯水的pH值，可用干燥洁净的玻璃棒蘸取氯水点在pH试纸上，待其变色后和标准比色卡比较,实验室从海带中提取单质碘的方法是：取样→灼烧→溶解→过滤→萃取,配制浓硫酸、浓硝酸的混酸时，应将浓硝酸沿玻璃棒缓慢注入浓硫酸中,A,A题目：下列说法正确的是A. 用玻璃棒蘸取某溶液做焰色反应实验，火焰呈黄色并不能说明该溶液中含有钠元素答案是：A
26,下列有关变化过程的叙述不正确的是,用“地沟油”纯化生产“生物燃油”的过程发生的是化学变化,从海水中提取镁必须通过化学反应才能实现,用侯氏制碱法制纯碱必须通过化学反应才能实现,激光法蒸发石墨得C60发生的是化学变化,A,D
27,古代的很多成语、谚语都蕴含着很多科学知识，下列对成语、谚语的解释正确的是,“玉不琢不成器”，“百炼方能成钢”发生的均为化学变化,“火树银花”中的焰火实质上是金属元素的焰色反应,“甘之如饴”说明糖类均有甜味,“爆竹声中除旧岁，春风送暖入屠苏”。爆竹爆炸发生的是分解反应,B,B题目：古代的很多成语、谚语都蕴含着很多科学知识，下列对成语、谚语的解释正确的是A. “玉不琢不成器”，“百炼方能成钢”发生的均为化学变化B. “火树银花”中的焰火实质上是金属元素的焰色反应C. “甘之如饴”说明糖类均有甜味D. “爆竹声中除旧岁，春风送暖入屠苏”。爆竹爆炸发生的是分解反应答案是：B
28,用NA表示阿伏加德罗常数的值，下列说法正确的是：a 将1 mol氯气通入一定量水中发生反应转移电子数为NA；b 12.0 g熔融的NaHSO4中含有的阳离子数为0.1NA；c 在标准状况下，22.4 L辛烷中的分子数为NA；d 1 mol羟基中含有的电子数为10NA；e 1 mol Na2O和Na2O2混合物中含有的阴、阳离子总数是3NA,cde,ace,be,de,C,D
29,下列各种物质在一定条件下反应，所得产物种类与反应物的用量或条件无关的是a: Fe＋O2；b: NH4HCO3＋NaOH；c: Cu＋Cl2；d: Ca(HCO3)2＋Ca(OH)2；e: C＋SiO2,abd,cd,ade,bc,B,B
30,“6·5”世界环境日中国主题为“向污染宣战”，下列行为不利于遏制污染的是,扩建小型钢铁厂、水泥厂，提高钢铁、水泥的产,研发可降解的聚碳酸酯替代聚乙烯作一次性塑料袋的生产原料,推广机动车用天然气替代汽油、柴油的“油改气工程”,发展风能和太阳能等清洁能源，减少使用化石燃料,A,A
31,FeCl3溶液是实验室中使用较为广泛的一种试剂，下列有关FeCl3溶液的作用或实验现象解释合理的是,向FeCl3溶液中滴加氨水出现红褐色沉淀：Fe3＋＋3OH－===Fe(OH)3,FeCl3溶液使蓝色石蕊试纸变红：Fe3＋＋3H2O===3H＋＋Fe(OH)3,检测FeCl3溶液中的Fe3＋用KSCN溶液：Fe3＋＋3SCN－===Fe(SCN)3,用FeCl3溶液腐蚀印刷电路板：Fe3＋＋Cu===Cu2＋＋Fe2＋,C,题目：FeCl3溶液是实验室中使用较为广泛的一种试剂，下列有关FeCl3溶液的作用或实验现象解释合理的是A. 向FeCl3溶液中滴加氨水出现红褐色沉淀：Fe3＋＋3OH－===Fe(OH)3B. FeCl3溶液使蓝色石蕊试纸变红：Fe3＋＋3H2O===3H＋＋Fe(OH)3C. 检测FeCl3溶液中的Fe3＋用KSCN溶液：Fe3＋＋3SCN－===Fe(SCN)3D. 用FeCl3溶液腐蚀印刷电路板：Fe3＋＋Cu===Cu2＋＋Fe2＋答案是：C
32,人类生活离不开化学知识，下列叙述不正确的是,因患“禽流感”而被捕杀的家禽尸体常用生石灰处理,臭氧是饮用水的理想消毒剂之一，因为它杀菌能力强且不影响水质,医疗上常用体积分数为75%的酒精进行皮肤消,食品加工、消毒、防腐常使用福尔马林,D,D题目：人类生活离不开化学知识，下列叙述不正确的是A. 因患“禽流感”而被捕杀的家禽尸体常用生石灰处理B. 臭氧是饮用水的理想消毒剂之一，因为它杀菌能力强且不影响水质C. 医疗上常用体积分数为75%的酒精进行皮肤消毒D. 食品加工、消毒、防腐常使用福尔马林选项D是不正确的。福尔马林（甲醛溶液）虽然可以用于防腐，但因其对人体有害，通常不推荐用于食品加工或直接接触人体的消毒。
33,科学家最近研究出一种环保、安全的储氢方法，其原理可表示为NaHCO3＋H2==HCOONa＋H2O，释氢为其逆向反应。下列有关说法正确的是,HCOONa晶体中既含有离子键又含有共价键,储氢过程中，NaHCO3被氧化,储氢、释氢过程均无能量变化,释氢过程的本质是盐类的水解,A,A
34,下列化学方程式中，不能正确表达反应颜色变化的是,向Mg(OH)2悬浊液中滴加足量FeCl3溶液出现红褐色沉淀：3Mg(OH)2+2FeCl3==2Fe(OH)3+3MgCl2,澄清的石灰水久置后出现白色固体：Ca(OH)2+CO2==CaCO3+H2O,向CuSO4溶液中加入足量Zn粉，溶液蓝色消失：Zn+CuSO4==Cu+ZnSO4,Na2O2在空气中放置后由淡黄色变为白色：2Na2O2==2Na2O+O2,D,题目：下列化学方程式中，不能正确表达反应颜色变化的是A. 向Mg(OH)2悬浊液中滴加足量FeCl3溶液出现红褐色沉淀：3Mg(OH)2+2FeCl3==2Fe(OH)3+3MgCl2B. 澄清的石灰水久置后出现白色固体：Ca(OH)2+CO2==CaCO3+H2OC. 向CuSO4溶液中加入足量Zn粉，溶液蓝色消失：Zn+CuSO4==Cu+ZnSO4D. Na2O2在空气中放置后由淡黄色变为白色：2Na2O2==2Na2O+O2答案是：B解析：选项B中的化学方程式实际上是描述了澄清石灰水久置后出现白色固体（碳酸钙沉淀）的过程，这个过程没有颜色变化。其他选项都正确描述了颜色变化的反应。
35,根据下列实验操作和现象，所得出的结论不正确的是,实验操作：在酒精灯上加热铝箔。实验现象:铝箔熔化但不滴落。结论:熔点：氧化铝>铝。,实验操作：常温下，向浓硫酸中投入铁片。实验现象:铁片不溶解。结论:常温下，铁不与浓硫酸反应。,实验操作：向硅酸钠溶液中滴加1滴酚酞，然后逐滴加入稀盐酸至红色褪去。实验现象:2 min后，试管里出现凝胶。结论:酸性：盐酸>硅酸。,实验操作：向某溶液中先滴加KSCN溶液，再滴加少量氯水。实验现象:先无明显现象，后溶液变成红色。结论:溶液中含有Fe2＋，没有Fe3＋。,B,D题目：实验操作：向某溶液中先滴加KSCN溶液，再滴加少量氯水。实验现象:先无明显现象，后溶液变成红色。结论:溶液中含有Fe2＋，没有Fe3＋。解析：该结论不正确。正确的解释是，先滴加KSCN溶液时，如果溶液中有Fe3+，会生成血红色的Fe(SCN)2+配合物，但由于Fe2+被氯水氧化成Fe3+，所以第一次加入KSCN时没有立即显示红色；第二次加入氯水后，Fe2+被氧化为Fe3+，此时才显示出红色。因此，这个实验现象只能说明溶液中含有Fe2+，并且之后被氧化成了Fe3+，但不能确定原来没有Fe3+。
36,下列中学常见实验的现象或表述正确的是,向CuSO4溶液中滴入过量的NaOH溶液充分反应后，将混合液体倒入蒸发皿中加热煮沸一会，然后冷却、过滤，滤纸上的物体为“蓝色固体”,制备氢氧化亚铁时，向硫酸亚铁溶液中滴加氢氧化钠溶液，边加边搅拌，即可制得白色的氢氧化亚铁,检验红砖中的氧化铁成分，向红砖粉末中加入盐酸，充分反应后取上层清液于试管中，滴加KSCN溶液2～3滴，溶液显红色即可证明,过量的铁投入到一定量的稀硝酸中，充分反应后取上层清液于试管中，滴加KSCN溶液，溶液显红色,C,答案是：C
37,X、Y、Z均为短周期主族元素，它们原子的最外层电子数之和为10。X与Z同族，Y最外层电子数等于X次外层电子数，且Y原子半径大于Z。下列叙述正确的是,熔点：X的氧化物比Y的氧化物高,Y的单质与Z的单质均能溶于浓酸,X与Z可形成离子化合物ZX,热稳定性：X的氢化物大于Z的氢化物,D,题目：X、Y、Z均为短周期主族元素，它们原子的最外层电子数之和为10。X与Z同族，Y最外层电子数等于X次外层电子数，且Y原子半径大于Z。下列叙述正确的是答案是：D解析：- X、Y、Z都是短周期主族元素，最外层电子数之和为10。- X与Z同族，说明它们的最外层电子数相同。- 设X的最外层电子数为a，次外层电子数为b（对于第二周期元素，次外层即K层，恒为2）。- Y最外层电子数等于X次外层电子数，即Y的最外层电子数为2。- Y原子半径大于Z，说明Y的核电荷数小于Z（核电荷数越大，原子半径越小）。假设X的最外层电子数为n，则X的电子排布可能为2(n-2)n（第二周期）或2(n-2)n(n-2)n（第三周期）。但考虑到最外层电子数之和为10，我们分析如下：1. 如果X为第二周期元素，其电子排布只能为He (2) + n (n) = 10 - 2 = 8，即n=8，这不可能。2. 如果X为第三周期元素，设X的最外层电子数为n，则X的电子排布为2+8+n=10，解得n=0（不合理），或者X为Mg (12) + n (6) = 10，解得n=2。所以X可能是Mg（镁）或Be（铍），但考虑到Y的最外层电子数为2，Y只能是Be，Z也是Be的同族元素，只能是Mg。综上所述，X是Mg，Y是Be，Z是Mg。- A选项：Be的氧化物BeO是离子化合物，Mg的氧化物MgO也是离子化合物，无法确定谁的熔点更高，此选项错误。- B选项：Be的单质（金属）和Mg的单质都不溶于浓酸，此选项错误。- C选项：Mg和Be不能形成离子化合物，因为它们都在同一
38,关于下列诗句或谚语，下列说法不正确的是,“忽闻海上有仙山，山在虚无缥缈间”的海市蜃楼是一种自然现象，与胶体知识有关,“滴水石穿、绳锯木断”不包含化学变化,“落汤螃蟹着红袍”肯定发生了化学变化,“水乳交融，火上浇油”前者包含物理变化，而后者包含化学变化,B,B解释如下：题目：关于下列诗句或谚语，下列说法不正确的是A. “忽闻海上有仙山，山在虚无缥缈间”的海市蜃楼是一种自然现象，与胶体知识有关 - 正确（海市蜃楼与光的折射和全反射有关，涉及胶体的知识）。B. “滴水石穿、绳锯木断”不包含化学变化 - 不正确（虽然主要涉及物理磨损，但长期作用下可能会有微小的化学变化，如矿物溶解等）。C. “落汤螃蟹着红袍”肯定发生了化学变化 - 正确（螃蟹变红通常是因为蛋白质结构改变导致的颜色变化，属于化学变化）。D. “水乳交融，火上浇油”前者包含物理变化，而后者包含化学变化 - 正确（水乳交融指的是液体混合，是物理变化；火上浇油是指燃烧，是化学变化）。因此，不正确的说法是 B。
39,设NA是阿伏加德罗常数的值，下列说法正确的是,1 mol Cl2与足量的铁反应转移的电子数与1 mol铁与足量的Cl2反应转移的电子数相等,某温度下纯水的pH＝6，该温度下10 L pH＝11的NaOH溶液中含OH－的数目为NA,在标准状况下，11.2 L NO与11.2 L O2混合后所含分子数为0.75NA,0.5 mol·L^－1 Na2SO4溶液中含有的阴、阳离子总数为1.5NA,B,答案是：A解析如下：A. 1 mol Cl2与足量的铁反应转移的电子数（2mol e-），1 mol铁与足量的Cl2反应转移的电子数也是2mol e-，所以两者相等，此选项正确。B. 温度影响水的离子积常数Kw，但题目没有提供具体温度，无法确定10 L pH＝11的NaOH溶液中含OH－的确切数目，因此不能确定是否为NA个。C. 一氧化氮(NO)和氧气(O2)反应生成二氧化氮(NO2)，11.2 L NO与11.2 L O2完全反应后剩余NO和NO2的混合气体，最终分子数小于0.75NA。D. 0.5 mol·L^-1 Na2SO4溶液中每升含有0.5 mol Na2SO4，即1 mol Na+ 和 0.5 mol SO4^2-，所以每升溶液中阴、阳离子总数为1.5 mol，但在未指定体积的情况下，不能直接得出1.5NA个离子。综上所述，只有A选项描述的情况是正确的。
40,短周期元素W、X、Y、Z位于同一周期，其原子序数依次增大，W原子半径最大，Z最高价氧化物的水化物酸性最强，Y的单质与盐酸、氢氧化钠均能反应生成氢气。据此判断下列说法正确的是,工业上电解熔融的Y、Z的化合物可得Y单质,X的单质在氧气中燃烧的产物中含离子键、共价键,W、Z形成的化合物在水溶液中能电离,Y的单质在空气中加热不会熔化,C,B解析：- W原子半径最大，说明W是碱金属中最轻的锂（Li）。- Z的最高价氧化物的水化物酸性最强，说明Z是氯（Cl）。- Y的单质能与盐酸和氢氧化钠反应生成氢气，说明Y既可以与酸反应也可以与碱反应，这表明Y是铝（Al）。- X的原子序数介于W（锂）和Y（铝）之间，且位于同一周期，所以X是碳（C）。综上所述，短周期元素W（锂）、X（碳）、Y（铝）、Z（氯）的排列符合上述条件。因此：- A. 工业上电解熔融的Y（铝）和Z（氯）的化合物（AlCl3）确实可以得到铝单质，但题目要求判断说法是否正确，而不是描述工业过程。- B. X（碳）的单质在氧气中燃烧生成二氧化碳，其中含有离子键（CO3^2-中的O-C-O）和共价键（C-O），这个说法正确。- C. W（锂）和Z（氯）形成的化合物如LiCl在水中能电离，这个说法正确，但题目要求选择一个正确的说法，而非多个。- D. Y（铝）的单质在空气中加热会先熔化再燃烧，这个说法错误。因此，最符合题意的答案是B。
41,设NA为阿伏加德罗常数的值，下列叙述正确的是,用石墨作电极电解饱和食盐水时，若阴极得到2NA个电子，则阳极产生22.4 L气体,常温常压下，Na2O2与足量H2O反应，共生成0.2 mol O2，转移电子的数目为0.4NA,2 L 0.05 mol·L^－1乙酸溶液中H＋数目为0.1NA,等物质的量的Na2O和Na2O2中含有的阴离子总数不同,B,B
42,下列各组中的反应，属于同一反应类型的是,乙烷和氯气制氯乙烷；乙烯与氯化氢反应制氯乙烷,乙醇和氧气制乙醛；苯和氢气制环己烷,葡萄糖与新制氢氧化铜共热；蔗糖与稀硫酸共热,乙醇和乙酸制乙酸乙酯；苯的硝化反应,D,答案是：A解析：A项中的两个反应都是取代反应。乙烷和氯气在光照条件下发生取代反应生成氯乙烷；乙烯与氯化氢加成反应生成氯乙烷。其他选项中的反应类型不同：- B项中，乙醇氧化生成乙醛是氧化反应，而苯加氢生成环己烷是加成反应。- C项中，葡萄糖与氢氧化铜共热是氧化反应（银镜反应），而蔗糖水解生成葡萄糖和果糖是水解反应。- D项中，乙醇和乙酸酯化生成乙酸乙酯是酯化反应（即取代反应的一种），而苯的硝化反应是取代反应，但与酯化反应不属于同一类基本反应类型。
43,原子结构决定元素的性质，下列说法中正确的是,第二周期元素的最高正化合价都等于其原子的最外层电子数,非金属元素的非金属性越强，其氧化物对应水化物的酸性也一定越强,Na、Al、Cl的原子半径依次减小，Na＋、Al3＋、Cl－的离子半径也依次减小,在第ⅥA族元素的氢化物(H2R)中，热稳定性最强的其沸点也一定最高,D,题目：原子结构决定元素的性质，下列说法中正确的是A. 第二周期元素的最高正化合价都等于其原子的最外层电子数B. 非金属元素的非金属性越强，其氧化物对应水化物的酸性也一定越强C. Na、Al、Cl的原子半径依次减小，Na＋、Al3＋、Cl－的离子半径也依次减小D. 在第ⅥA族元素的氢化物(H2R)中，热稳定性最强的其沸点也一定最高答案是：C解析：- A选项不完全正确，第二周期的氧和氟没有正价态。- B选项不正确，例如氯的非金属性很强，但它的最高价氧化物对应水化物（高氯酸）并不是最强的无机酸。- C选项正确，Na、Al、Cl的原子半径依次减小，由于它们的价电子都在第三层，而核电荷数依次增加，导致核对价电子的吸引力增强，因此离子半径也依次减小。- D选项不一定正确，氢化物的沸点除了受热稳定性影响外，还受到分子间作用力的影响。例如，在第ⅥA族元素的氢化物中，虽然H2S的热稳定性不如H2Se，但由于H2S分子间存在较强的氢键，其沸点反而高于H2Se。
44,化学与生命、材料、能源等科学密切联系。下列有关化学发展方向的说法不正确的是,研发高效、高残留农药，提高粮食产量,研发新药物，预防和治疗人类的疾病,开发光电转换材料，充分利用太阳能,开发高效的模拟酶催化剂，减少对化肥的依赖,A,A
45,战国所著《周礼》中记载沿海古人“煤饼烧蛎房成灰”(“蛎房”即牡蛎壳)，并把这种灰称为“蜃”。蔡伦改进的造纸术，第一步沤浸树皮脱胶的碱液可用“蜃”溶于水制得。“蜃”的主要成分是,NaHCO3,SiO2,CaCO3,CaO ,D,D
46,下列关于仪器使用的说法正确的是,振荡分液漏斗时应关闭其玻璃塞和活塞,锥形瓶用作反应容器时一定不能加热,银镜反应后的试管用浓硝酸洗涤，以加快银的溶解,滴定管装滴定液时应先用蒸馏水润洗,A,答案是：A
47,“蒸发浓缩”需选用的仪器除了圆底烧瓶、蒸馏头、温度计、接收管之外，还有,直形冷凝管,烧杯,锥形瓶,球形冷凝管,A,A
48,下列进行性质比较的实验，不合理的是,比较Cu、Fe的还原性：铜加入硫酸铁溶液中,比较镁的金属性强于铝：取一小段除去氧化膜的镁带和铝片，分别加入1.0 mol·L－1的盐酸中,比较高锰酸钾的氧化性强于氯气：高锰酸钾中加入浓盐酸,比较氯的非金属性强于溴：溴化钠溶液中通入氯气,A,答案是：A解释：选项A中的实验不合理，因为铜不会与硫酸铁溶液发生置换反应，无法通过此实验比较Cu和Fe的还原性。其他选项的实验设计都是合理的。
49,下列实验的现象、解释或结论均正确的是,实验:在新制氯水中加入碳酸钙粉末，充分搅拌，氯水的漂白性增强。解释或结论：氯水中HClO的物质的量浓度增大。,实验:用蒸馏法能将溶解在CCl4中的碘分离出来。解释或结论：因为碘易升华，先分离出来。,实验:向某溶液中逐渐通入CO2气体，先出现白色胶状沉淀，继续通入CO2气体，白色胶状沉淀不溶解，证明该溶液中存在AL3+。解释或结论：Al(OH)3是两性氢氧化物，不溶于碳酸溶液。,实验:向Fe(NO3)2溶液中滴入硫酸酸化的H2O2溶液，则溶液变为黄色。解释或结论：氧化性：H2O2>Fe3＋。,C,A题目：下列实验的现象、解释或结论均正确的是A. 实验:在新制氯水中加入碳酸钙粉末，充分搅拌，氯水的漂白性增强。解释或结论：氯水中HClO的物质的量浓度增大。答案是：A
50,世界卫生组织癌症专门机构指认“大气污染对人类致癌”。下列行为有利于防止大气污染、遏制雾霾天气发生的是,冬季燃烧大量烟煤供热取暖,加大石油的开发和进口，满足交通业的需求,提倡乘坐地铁、公交车，减少驾驶私家车,在田间焚烧秸杆,C,C题目总结及答案：1. 分子式为C4H8Cl2的同分异构体有(不考虑立体异构) - C (9种)2. 下列我国古代发明中，不涉及化学反应的是 - C (打磨磁石制指南针)3. 下列物质性质与应用对应关系正确的是 - D (氢氧化铝具有弱碱性，可用于制胃酸中和剂)4. 可用于防冻剂的物质中，含有氮元素的有机物是 - A (尿素[CO(NH2)2])5. 分子式为C4H10O并能与金属钠反应放出氢气的有机物有 - C (4种)6. 有利于防止大气污染、遏制雾霾天气发生的是 - C (提倡乘坐地铁、公交车，减少驾驶私家车)
51,下列说法正确的是,若保持温度不变，向氨水中通入一定量HCl气体，会减小的是c(OH－)/c(H＋）,足量的NaHSO3溶液和Na2CO3溶液混合后K1(H2SO3)>K1(H2CO3)>K2(H2SO3)>K2(H2CO3),同温同浓度的NaHCO3溶液和CH3COONa溶液的pH数值前者小于后者,中和25 mL 0.1 mol·L－1 NaOH溶液所需CH3COOH和HCl的物质的量前者小于后者,A,答案是：A解析：- A. 若保持温度不变，向氨水中通入一定量HCl气体，会发生如下反应：NH₃ + HCl → NH₄Cl，这会导致溶液中的c(OH⁻)减少，而c(H⁺)增加，因此c(OH⁻)/c(H⁺)的比值会减小。- B. NaHSO₃和Na₂CO₃都是弱酸强碱盐，它们水解产生的H⁺和OH⁻都会影响溶液的pH值，但根据酸的Ka值，H₂SO₃的酸性大于H₂CO₃，所以K₁(H₂SO₃) > K₁(H₂CO₃)，但是H₂SO₃进一步水解出H⁺的能力不如H₂CO₃，因此K₂(H₂SO₃) < K₂(H₂CO₃)。所以这个选项的排序是错误的。- C. NaHCO₃和CH₃COONa都是弱酸强碱盐，但CH₃COONa的水解程度更大（因为CH₃COO⁻的水解常数Kb比HCO₃⁻的更大），因此CH₃COONa溶液的pH值应该更大，即pH数值前者大于后者。- D. 对于等体积、等浓度的NaOH溶液，CH₃COOH和HCl与之完全中和所需的物质的量取决于各自的电离度。通常情况下，CH₃COOH是弱电解质，其电离度小于HCl，因此需要更多的CH₃COOH来中和等量的NaOH，故所需CH₃COOH的物质的量应大于HCl。
52,元素周期律和周期表揭示了元素之间的内在联系，反映了元素性质与它的原子结构的关系。下列有关性质的大小关系符合元素周期律的是,酸性：HNO3＞H3BO3＞H2CO3,稳定性：HF＞PH3＞H2O,金属性：K＞Mg＞Al,碱性：Be(OH)2＞Mg(OH)2＞Ca(OH)2,C,题目：元素周期律和周期表揭示了元素之间的内在联系，反映了元素性质与它的原子结构的关系。下列有关性质的大小关系符合元素周期律的是A. 酸性：HNO3＞H3BO3＞H2CO3B. 稳定性：HF＞PH3＞H2OC. 金属性：K＞Mg＞AlD. 碱性：Be(OH)2＞Mg(OH)2＞Ca(OH)2答案是：C
53,下列有关叙述正确的是,H2SO4、Na2CO3、FeCl3、NaOH中能两两发生反应的物质共有4组,向FeI2溶液中加入盐酸和过量的H2O2：2I^－＋H2O2＋2H^＋===I2＋2H2O,向AlCl3溶液中加入氨水制Al(OH)3：Al^3＋＋3OH－===Al(OH)3,向CuCl2溶液中加入少量氨水：Cu2＋＋2OH－===Cu(OH)2,A,答案是：B解析：- A项中，H2SO4和Na2CO3、FeCl3和NaOH之间确实可以发生反应，但Na2CO3和FeCl3之间不会直接反应生成沉淀或气体，因此能两两反应的物质不是4组，而是3组。- B项描述的是向FeI2溶液中加入盐酸和过量的H2O2的反应，这个描述是正确的。- C项中，AlCl3溶液中加入氨水制备Al(OH)3应该是Al^3+ + 3NH3·H2O === Al(OH)3↓ + 3NH4+，而不是直接生成Al(OH)3。- D项中，向CuCl2溶液中加入少量氨水的反应应该是Cu^2+ + 2NH3·H2O === [Cu(NH3)2]^2+ + 2H2O，不会直接生成Cu(OH)2沉淀。
54,化学与人类生活、生产和社会可持续发展密切相关，下列说法正确的是,铝及其合金是电气、工业、家庭广泛使用的材料，通常用电解氯化铝的方法制取铝,DNOP(邻苯二甲酸二辛酯)是一种由邻苯二甲酸和正辛醇经酯化反应而得的一种酯类有,为测定熔融氢氧化钠的导电性，可将氢氧化钠固体放在石英坩埚中加热熔化,采取“静电除尘”、“燃煤固硫”、“汽车尾气催化净化”等方法，可提高空气质量,D,D
55,明代《天工开物》记载“火法”冶炼锌：“炉甘石十斤，装载入一泥罐内，……然后逐层用煤炭饼垫盛，其底铺薪，发火煅红，……冷淀，毁罐取出，……，即倭铅也”(注：泥罐中掺有煤炭)。下列说法不正确的是,煤炭中起作用的主要成分是C,倭铅是指金属锌和铅的混合物,炉甘石的主要成分为碳酸钙,该冶炼锌的方法属于热还原法,B,B
56,下列实验不能达到目的的是答,目的：加快氧气的生成速率。实验：在过氧化氢溶液中加入少量MnO2。,目的：除去乙酸乙酯中的少量乙酸。实验：加入饱和碳酸钠溶液洗涤、分液。,目的：制取较高浓度的次氯酸溶液。实验：将Cl2通入碳酸钠溶液中。,目的：制备少量二氧化硫气体。实验：向饱和亚硫酸钠溶液中滴加浓硫酸。,C,题目：下列实验不能达到目的的是A. 目的：加快氧气的生成速率。实验：在过氧化氢溶液中加入少量MnO2。B. 目的：除去乙酸乙酯中的少量乙酸。实验：加入饱和碳酸钠溶液洗涤、分液。C. 目的：制取较高浓度的次氯酸溶液。实验：将Cl2通入碳酸钠溶液中。D. 目的：制备少量二氧化硫气体。实验：向饱和亚硫酸钠溶液中滴加浓硫酸。答案是：C解析：C项中的实验不能达到目的。将氯气通入碳酸钠溶液中，主要发生的是氯气与水反应生成次氯酸的过程，并不会显著提高次氯酸的浓度，因为生成的次氯酸会继续与碳酸钠反应生成更稳定的次氯酸盐。而其他选项都能有效实现其目的。
57,下列有关说法正确的是,有单质参加的反应一定是氧化还原反应,酸性氧化物均与水反应生成对应的酸,石油裂解和裂化的目的相同,合成纤维和人造纤维通称化学纤维,D,D
58,设NA为阿伏加德罗常数的值，下列叙述正确的是,将含有1 mol FeCl3的浓溶液全部制成胶体，含Fe(OH)3胶粒的数目为NA,5.4g Al分别与含溶质0.2 mol的NaOH溶液、盐酸反应，生成H2分子数均为0.3NA,120 g熔融的NaHSO4中含阳离子总数为2NA,5.35 g NH4Cl固体中含有的N—H键个数为 0.4NA,D,D
59,设NA代表阿伏加德罗常数的值，下列说法正确的是,在标准状况下，11.2 L O2和22.4 L NO混合并充分反应后得到的气体的分子数为NA,常温常压下，30 g乙酸与30 g葡萄糖含有的氧原子数均为NA,3.65 g液态HCl中含有的粒子总数为0.2NA,常温下，将5.6 g Fe投入足量浓硝酸中，转移电子数为0.3NA,B,B解析如下：A. 在标准状况下，11.2 L O2和22.4 L NO混合并充分反应后得到的气体的分子数不一定是NA。因为2NO + O2 = 2NO2，11.2 L O2（即0.5 mol）可以完全反应掉22.4 L NO（即1 mol），生成0.5 mol NO2，所以得到的气体分子数为0.5NA。B. 正确。30 g乙酸的物质的量是\[ \frac{30g}{60g/mol} = 0.5mol \]，含有0.5NA个氧原子；30 g葡萄糖的物质的量是\[ \frac{30g}{180g/mol} = 0.167mol \]，含有0.167NA个氧原子，但两者相加后氧原子总数仍然是NA。C. 3.65 g液态HCl的物质的量是\[ \frac{3.65g}{36.5g/mol} = 0.1mol \]，含有的粒子总数为0.1NA。D. 常温下，Fe与浓硝酸反应生成的是Fe(NO3)3，反应方程式为\[ Fe + 6HNO_3 → Fe(NO_3)_3 + 3NO_2↑ + 3H_2O \]，每摩尔Fe转移5摩尔电子，5.6 g Fe（即0.1 mol）转移的电子数为0.5NA。
60,下列有关实验的叙述正确的是,酸式滴定管注入Na2CO3溶液之前应检查是否漏液,制备乙酸乙酯时，将乙醇和乙酸依次加入到浓硫酸中,用铂丝蘸取少量某溶液进行焰色反应，火焰呈黄色，该溶液一定是钠盐溶液,除去Fe(OH)3固体中少量的Mg(OH)2，加入足量饱和FeCl3溶液，充分搅拌后过滤,D,答案是：D解析：A. 酸式滴定管注入Na2CO3溶液之前应检查是否漏液 —— 正确的操作步骤，但不是唯一正确的选项。B. 制备乙酸乙酯时，将乙醇和乙酸依次加入到浓硫酸中 —— 正确的操作顺序应该是先加乙醇，再慢慢滴加乙酸，以控制反应速率。C. 用铂丝蘸取少量某溶液进行焰色反应，火焰呈黄色，该溶液一定是钠盐溶液 —— 焰色反应呈黄色的物质可能是钠盐，也可能是含钠的其他化合物，如氧化钠等，因此不能断定一定是钠盐溶液。D. 除去Fe(OH)3固体中少量的Mg(OH)2，加入足量饱和FeCl3溶液，充分搅拌后过滤 —— 这个方法是正确的，因为FeCl3会与Mg(OH)2反应生成难溶的MgCl2和Fe(OH)3沉淀，从而实现分离。
61,中国汉语文化博大精深，很多成语体现了化学知识。下列成语中涉及到的主要变化不是化学反应的是,铁杵磨针,饮鸩止渴,火上浇油,百炼成钢,A,A题目：中国汉语文化博大精深，很多成语体现了化学知识。下列成语中涉及到的主要变化不是化学反应的是A. 铁杵磨针B. 饮鸩止渴C. 火上浇油D. 百炼成钢答案是：A
62,有机化合物与我们的生活息息相关，下列说法正确的是,甲苯的硝化、油脂的皂化均可看作取代反应,石油裂解的目的是为了提高轻质液体燃料的产量和质量,棉花和合成纤维的主要成分是纤维素,蛋白质水解生成葡萄糖，放出热量，提供生命活动的能量,A,A题目：有机化合物与我们的生活息息相关，下列说法正确的是A. 甲苯的硝化、油脂的皂化均可看作取代反应B. 石油裂解的目的是为了提高轻质液体燃料的产量和质量C. 棉花和合成纤维的主要成分是纤维素D. 蛋白质水解生成葡萄糖，放出热量，提供生命活动的能量答案是：A
63,用重量法测定BaCl2·nH2O中结晶水数目的实验：准确称取7.91 g该晶体，加入适量盐酸，加热使其完全溶解，冷却，配制100 mL溶液。取20.00 mL该溶液，向其中滴加100 mL 0.05 mol·L^－1 Na2SO4溶液恰好使Ba2＋完全沉淀。n等于,4,2,8,6,D,"D解析如下：根据题意，发生的反应为：\[ \text{Ba}^{2+} + \text{SO}_4^{2-} \rightarrow \text{BaSO}_4 \]已知加入100 mL 0.05 mol·L^-1 的Na₂SO₄溶液恰好使Ba²⁺完全沉淀，因此生成的BaSO₄的物质的量为：\[ n(\text{BaSO}_4) = 0.1 L \times 0.05 \, \text{mol/L} = 0.005 \, \text{mol} \]因为Ba²⁺与BaCl₂·nH₂O中的Ba²⁺是一一对应的，所以BaCl₂·nH₂O的物质的量也为0.005 mol。根据BaCl₂·nH₂O的质量为7.91 g，可以计算出其摩尔质量M：\[ M = \frac{7.91 \, \text{g}}{0.005 \, \text{mol}} = 1582 \, \text{g/mol} \]而BaCl₂·nH₂O的理论摩尔质量应为：\[ \text{M}(BaCl_2 \cdot nH_2O) = \text{M}(BaCl_2) + n \times \text{M}(H_2O) = 208 + n \times 18 \]设n=6，则：\[ 208 + 6 \times 18 = 208 + 108 = 316 \, \text{g/mol} \]这显然不符合实际测量值1582 g/mol。继续验证其他选项，当n=8时：\[ 208 + 8 \times 18 = 208 + 144 = 352 \, \text{g/mol} \]仍然不符。继续验证n=4：\[ 208 + 4 \times 18 = 208 + 72 = 280 \, \text{g/mol} \]仍然不符。最后验证n=2：\[ 208 + 2 \times 18 = 208 + 36 = 24"
64,主族元素M、R形成的简单离子M2－与R＋的核外电子数之和为20。下列说法正确的是,M2－与R＋的电子层结构不可能相同,M与R结合形成的化合物中不可能含有共价键,M原子的质子数一定大于R原子的质子数,M可能存在^16 M、^18 M两种核素,D,D
65,下列有关事实及原理分析都正确的是,事实：碳酸氢钠常作发酵粉。原理：碳酸氢钠与面团中的有机酸反应产生CO2。,事实：铵态化肥和草木灰不能混用。原理：K2CO3与铵盐发生复分解反应。,事实：辽宁舰底部可以镶嵌一些铜块。原理：这种保护法叫牺牲阳极的阴极保护法。,事实：液化气灶具改天然气灶具，可以减少空气进入孔的孔径。原理：使天然气充分燃烧，避免生成CO和损失热量。,A,A题目：下列有关事实及原理分析都正确的是A. 事实：碳酸氢钠常作发酵粉。原理：碳酸氢钠与面团中的有机酸反应产生CO2。B. 事实：铵态化肥和草木灰不能混用。原理：K2CO3与铵盐发生复分解反应。C. 事实：辽宁舰底部可以镶嵌一些铜块。原理：这种保护法叫牺牲阳极的阴极保护法。D. 事实：液化气灶具改天然气灶具，可以减少空气进入孔的孔径。原理：使天然气充分燃烧，避免生成CO和损失热量。答案是：A
66,化学与生产、生活密切相关。下列说法正确的是,福尔马林可用于保存海鲜产品,工业上利用Cl2与澄清石灰水反应制取漂白粉,天然纤维和合成纤维的主要成分是纤维素,硅胶吸附能力强，常用作催化剂载体和食品干燥剂,D,D
67,足量下列物质与相同质量的铝反应，放出氢气且消耗溶质物质的量最少的是,稀硫酸,稀硝酸,氢氧化钠溶液,盐酸,C,题目：足量下列物质与相同质量的铝反应，放出氢气且消耗溶质物质的量最少的是A. 稀硫酸B. 稀硝酸C. 氢氧化钠溶液D. 盐酸答案是：B
68,常温常压下，某烧碱溶液与0.05 mol氯气恰好完全反应，得到pH＝9的混合溶液(溶质为NaCl与NaClO)。下列说法正确的是(NA代表阿伏加德罗常数的值,氯气的体积为1.12 L,所得溶液中ClO－的数目为0.05NA,所得溶液中含OH－的数目为1×10^－5NA,原烧碱溶液中含溶质离子数为0.2NA,D,B解析如下：- **选项A** 错误，因为氯气在标准状况下的体积为1.12 L时，其物质的量为0.05 mol，但题目中并未说明是在标准状况下，因此不能直接得出体积。- **选项B** 正确，0.05 mol的Cl2与烧碱反应生成0.05 mol的ClO⁻。- **选项C** 错误，因为pH=9的溶液中OH⁻的浓度为\(10^{-5}\) mol/L，但无法直接得出具体数目为\(1 \times 10^{-5} NA\)，需要知道总体积。- **选项D** 错误，由于没有给出原烧碱溶液的体积，无法直接计算出溶质离子数。综上所述，正确答案是B。
69,设NA代表阿伏加德罗常数的值，下列说法正确的是,22.4 L CO和CO2的混合气体中所含的碳原子数一定是NA,标准状况下，22.4 L丙烷所含共用电子对数为8NA,常温常压下，32 g O2和32 g O3所含氧原子数都是2NA,80 °C时，1 L pH＝1的硫酸溶液中，含有的OH－数目为10^－13NA,C,C
70,设NA为阿伏加德罗常数。下列说法正确的是,常温常压下，11.2L CO2与足量Na2O2反应转移的电子数为0.5 NA,常温常压下，20g D2O分子中所含中子数为10 NA,0.1mol FeCl3水解生成的Fe(OH)3胶粒数为0.1NA,将lmol Cl2通人水中，HC1O、Cl-、C1O-粒子数之和为2 NA,B,B解析如下：A. 在标准状况下（0℃，101kPa），11.2L CO2的物质的量为0.5mol，但这里条件未明确指出是标准状况，且即使是在标准状况下，CO2与Na2O2反应转移的电子数也不一定是0.5NA，因为反应过程中还涉及到氧气的参与，具体数值需要根据实际情况计算。B. 20g D2O的物质的量为20g / (2*2 + 16) g/mol = 1mol。D2O中的中子数为2个（D的质子数为1，中子数为1；O的质子数为8，中子数为8，但D2O中O的中子数为7，因为D2O中的氧原子为同位素氧-17）。因此，20g D2O中含有2NA个中子。C. FeCl3水解生成的Fe(OH)3胶粒数受多种因素影响，包括温度、pH值等，不能简单地说是0.1NA。D. 将1mol Cl2通入水中，由于部分氯气溶于水并与水反应生成HClO、Cl-和ClO-，但并非所有的氯气都能完全反应，所以最终粒子数之和不会达到2NA。综上所述，只有B选项的说法是正确的。
71,设NA为阿伏加德罗常数的值，下列叙述正确的是,以Mg、Al为电极，NaOH溶液为电解质溶液的原电池中，导线上流过NA个电子，则正极放出H2的体积为11.2 L,含1 mol H2SO4的浓硫酸和足量的锌完全反应，转移的电子数为2NA,标准状况下2.24 L己烷分子中含有1.9NA对共用电子,常温下1 L 0.1 mol·L^－1 NH4NO3溶液中的氮原子数为0.2NA,D,D
72,下列有关物质变化的说法正确的是,将盛有NO2气体的密封烧瓶，放入热水中气体颜色加深的变化是物理变化,熔融态的Al2O3导电、12C转化为14C都属于化学变化,一定条件下石墨转化为C60是化学变化,根据反应中的能量变化，将化学反应分为“化合、分解、复分解、置换”四类,C,C题目：下列有关物质变化的说法正确的是A. 将盛有NO2气体的密封烧瓶，放入热水中气体颜色加深的变化是物理变化B. 熔融态的Al2O3导电、12C转化为14C都属于化学变化C. 一定条件下石墨转化为C60是化学变化D. 根据反应中的能量变化，将化学反应分为“化合、分解、复分解、置换”四类答案是：C
73,下列有关物质及成分、性质和用途都正确的是,物质及成分：磁性氧化铁(Fe2O3)。性质：难溶于水，红色。用途：制造红色涂料。,物质及成分：小苏打(Na2CO3)。性质：与酸反应产生二氧化碳。用途：作发酵粉。,物质及成分：蓝矾(CuSO4·5H2O)。性质：蓝色。用途：检验水蒸气。,物质及成分：二氧化硫(SO2)。性质：能和某些有色物质反应生成无色物质。用途：漂白草织品。,D,D题目解析如下：A. 物质及成分：磁性氧化铁(Fe2O3)。性质：难溶于水，红色。用途：制造红色涂料。- 错误，磁性氧化铁的化学式应该是Fe3O4，不是Fe2O3。B. 物质及成分：小苏打(Na2CO3)。性质：与酸反应产生二氧化碳。用途：作发酵粉。- 错误，小苏打的化学式应该是NaHCO3。C. 物质及成分：蓝矾(CuSO4·5H2O)。性质：蓝色。用途：检验水蒸气。- 错误，蓝矾的性质应为蓝色晶体，但其主要用途是作为分析试剂，而非检验水蒸气。D. 物质及成分：二氧化硫(SO2)。性质：能和某些有色物质反应生成无色物质。用途：漂白草织品。- 正确，二氧化硫确实可以用于漂白织物等物品。
74,中学化学中很多“规律”都有其使用范围，下列根据有关“规律”推出的结论合理的是,根据氧化还原反应的规律，推出强氧化剂遇到强还原剂一定会发生氧化还原反应,根据CO2通入Ba(NO3)2溶液中无沉淀的规律推测，SO2通入Ba(NO3)2溶液中也无沉淀产生,根据化学反应的规律，推出氢氧化铁可通过化合反应得到,根据元素的非金属性较强，其单质也越活泼规律，推出磷单质比N2稳定得多,C,C解析：A. 虽然强氧化剂和强还原剂有可能发生氧化还原反应，但并非一定，例如在特定条件下它们可能不会反应。B. CO2通入Ba(NO3)2溶液中无沉淀是因为生成的BaCO3会溶于过量的硝酸，而SO2通入Ba(NO3)2溶液中会产生BaSO4沉淀。C. 氢氧化铁确实可以通过化合反应得到，例如Fe3+和OH-反应可以生成Fe(OH)3。D. 磷单质的稳定性不如N2，因为氮气是双原子分子，具有三键，非常稳定，而磷单质虽然也有多种存在形式，但整体上并不比氮气更稳定。因此，选项C是合理的。
75,在检验用FeCl3溶液腐蚀铜制印刷线路板后所得的废液成分的实验中，下列根据实验现象得出的结论不正确的是,向废液中加入少量的葡萄糖溶液，无红色沉淀产生，说明废液中不含Cu2＋,向废液中滴加硝酸酸化的AgNO3溶液，产生白色沉淀，说明废液中含有Cl－,向废液中加少量铁粉，充分反应后无固体剩余，说明废液中含有Fe3＋,向废液中滴加KSCN溶液，无现象，再加入氯水后溶液呈红色，说明废液中含有Fe2＋,A,题目：在检验用FeCl3溶液腐蚀铜制印刷线路板后所得的废液成分的实验中，下列根据实验现象得出的结论不正确的是A. 向废液中加入少量的葡萄糖溶液，无红色沉淀产生，说明废液中不含Cu2＋B. 向废液中滴加硝酸酸化的AgNO3溶液，产生白色沉淀，说明废液中含有Cl－C. 向废液中加少量铁粉，充分反应后无固体剩余，说明废液中含有Fe3＋D. 向废液中滴加KSCN溶液，无现象，再加入氯水后溶液呈红色，说明废液中含有Fe2＋答案是：C解析：选项C中的说法是错误的。向废液中加入少量铁粉，如果废液中含有Fe3+，铁粉会优先与Fe3+反应生成Fe2+，因此可能不会有固体剩余，但这并不能直接说明废液中一定含有Fe3+。实际上，如果废液中主要是Fe2+，加入铁粉也可能不会产生明显的固体剩余。正确的判断Fe3+的方法应该是直接使用KSCN溶液观察是否出现血红色的络合物。
76,相同质量的Na、Mg、Al分别与足量盐酸充分反应，生成氢气的质量比为,36∶69∶92,23∶12∶9,23∶24∶37,1∶2∶3,A,题目：相同质量的Na、Mg、Al分别与足量盐酸充分反应，生成氢气的质量比为A. 36∶69∶92B. 23∶12∶9C. 23∶24∶37D. 1∶2∶3答案是：D
77,分类是化学学习和研究的常用手段。下列分类依据和结论都正确的是,碱石灰、玻璃、生石灰、漂白粉都是混合物,Na2CO3、Ba(OH)2、NH4Cl、Na2O2都属于离子化合物,HCl、H2SO4、HNO3均具有氧化性，都是氧化性酸,H2O、HCOOH、(NH4)2Fe(SO4)2中均含有氧元素，都是氧化物,B,答案是：A解释如下：A. 碱石灰（主要成分是CaO和NaOH）、玻璃（SiO2和其他杂质的混合物）、生石灰（CaO）、漂白粉（主要成分是Ca(ClO)2和CaCl2）都是混合物，所以这个选项的分类依据和结论都是正确的。其他选项分析：B. Na2CO3、Ba(OH)2、NH4Cl确实都是离子化合物，但Na2O2也是离子化合物，只是它还含有过氧化物键。C. HCl、H2SO4、HNO3确实都具有氧化性，但它们本质上是酸，不是氧化物。D. H2O、HCOOH确实是含氧的化合物，但(NH4)2Fe(SO4)2虽然是含氧的盐，但它不是氧化物，因为氧化物是由两种元素组成的，其中一种必须是氧。
78,下列物质的用途中利用了其还原性的是,SO2漂白织物,用葡萄糖制镜或保温瓶胆,用Na2S除去废水中的Hg2＋,Na2O2作供氧剂,B,C题目解析：A. SO2漂白织物——这是利用了SO2的漂白性，而不是还原性。B. 用葡萄糖制镜或保温瓶胆——这利用的是葡萄糖的脱水性和成膜性，不是还原性。C. 用Na2S除去废水中的Hg2+——这是利用了Na2S的还原性将Hg2+还原成Hg单质沉淀下来。D. Na2O2作供氧剂——这是利用了Na2O2的强氧化性分解产生氧气。所以，正确答案是 C。
79,化学与环境密切相关，下列有关说法正确的是,CO2、NO2或SO2都会导致酸雨的形成,大气中CO2含量的增加会导致温室效应加剧,酸雨是pH小于7的雨水,CO2属于大气污染物,B,B
80,中国传统文化对人类文明贡献巨大，我国古代的人民在那时候就已经广泛应用了，书中充分记载了古代化学研究成果。下列关于古代化学的应用和记载，对其说明不合理的是,《本草经集注》中记载了区分硝石(KNO3)和朴消(Na2SO4)的方法：“以火烧之，紫青烟起，乃真硝石也”这是利用了“焰色反应”,我国古代人民常用明矾除去铜器上的铜锈[Cu2(OH)2CO3],李白有诗云“日照香炉生紫烟”这是描写“碘的升华”,《本草纲目》中记载“(火药)乃焰消(KNO3)、硫黄、杉木炭所合，以烽燧铳极”这是利用了“KNO3的氧化性”,C,C题目总结如下：1. 分子式为C4H8Cl2的同分异构体有(不考虑立体异构)   A. 10种   B. 7种   C. 9种   D. 8种   **答案是：C**2. 中华民族的发明创造为人类文明进步做出了巨大贡献。下列我国古代发明中，不涉及化学反应的是   A. 湿法炼铜   B. 烧结粘土制陶瓷   C. 打磨磁石制指南针   D. 铁的冶炼   **答案是：C**3. 下列物质性质与应用对应关系正确的是   A. 氧化铁能与酸反应，可用于是制作红色涂料   B. 漂白粉在空气中不稳定，可用于漂白纸张   C. 晶体硅熔点高硬度大，可用于制作半导体材料   D. 氢氧化铝具有弱碱性，可用于制胃酸中和剂   **答案是：D**4. 防冻剂是一种能在低温下防止物料中水分结冰的物质，下列可用于防冻剂的物质中，含有氮元素的有机物是   A. 尿素[CO(NH2)2]   B. 甲醇[CH3OH]   C. 氯化钙[CaCl2]   D. 亚硝酸钠[NaNO2]   **答案是：A**5. 分子式为C4H10O并能与金属钠反应放出氢气的有机物有   A. 3种   B. 5种   C. 4种   D. 6种   **答案是：C**6. 中国传统文化对人类文明贡献巨大，我国古代的人民在那时候就已经广泛应用了，书中充分记载了古代化学研究成果。下列关于古代化学的应用和记载，对其说明不合理的是   A. 《本草经集注》中记载了区分硝石(KNO3)和朴消(Na2SO4)的方法：“以火烧之，紫青烟起，乃真硝石也”这是利用了“焰色反应”   B. 我国古代人民常用明矾除去铜器上的铜锈
81,下列说法在一定条件下可以实现的是：a酸性氧化物与碱发生反应；b弱酸与盐溶液反应可以生成强酸；c没有水生成，也没有沉淀和气体生成的复分解反应；d两种酸溶液充分反应后的溶液为中性；e有单质参加的非氧化还原反应；f两种氧化物反应的产物有气体,cdef,abce,bdef,abcdef,D,D解析如下：a. 酸性氧化物与碱反应生成盐和水，是可以实现的。b. 弱酸与盐溶液反应生成强酸，例如碳酸氢钠与醋酸反应生成醋酸钠、二氧化碳和水，是可以实现的。c. 复分解反应通常伴随有水、气体或沉淀的生成，但理论上确实存在不产生这些产物的复分解反应，例如某些弱电解质之间的反应，是可以实现的。d. 两种酸溶液反应后溶液为中性，例如强酸和强碱的中和反应，是可以实现的。e. 单质参与的非氧化还原反应，例如金属与非金属形成的共价键化合物（如碳化硅），是可以实现的。f. 两种氧化物反应生成气体，例如氧化钙与水生成氢氧化钙，同时二氧化碳与氢氧化钙反应生成碳酸钙沉淀和水，如果控制条件只生成二氧化碳气体，也是可以实现的。综上所述，所有选项都可以在一定条件下实现，故答案为D。
82,某研究小组通过实验探究Cu及其化合物的性质，下列操作正确且能达到目的的是,将CuCl2溶液在蒸发皿中加热蒸干，得到无水CuCl2固体,将铜丝插入浓硫酸中加热，反应后把水加入反应器中，观察硫酸铜溶液的颜色,将表面有铜绿[Cu2(OH)2CO3]的铜器放入盐酸中浸泡，除去铜绿,常温下将铜丝伸入盛满氯气的集气瓶中，观察CuCl2的生成,C,题目：某研究小组通过实验探究Cu及其化合物的性质，下列操作正确且能达到目的的是A. 将CuCl2溶液在蒸发皿中加热蒸干，得到无水CuCl2固体B. 将铜丝插入浓硫酸中加热，反应后把水加入反应器中，观察硫酸铜溶液的颜色C. 将表面有铜绿[Cu2(OH)2CO3]的铜器放入盐酸中浸泡，除去铜绿D. 常温下将铜丝伸入盛满氯气的集气瓶中，观察CuCl2的生成答案是：C
83,下列叙述正确的是,电化学腐蚀是造成金属腐蚀的主要原因,酸性氧化物和碱性氧化物都是电解质,离子键一定只存在于离子化合物中，共价键一定只存在于共价化合物中,将NaOH溶液逐滴加入FeCl3溶液可制备Fe(OH)3胶体,A,A题目：下列叙述正确的是A. 电化学腐蚀是造成金属腐蚀的主要原因B. 酸性氧化物和碱性氧化物都是电解质C. 离子键一定只存在于离子化合物中，共价键一定只存在于共价化合物中D. 将NaOH溶液逐滴加入FeCl3溶液可制备Fe(OH)3胶体答案是：A
84,下列说法不正确的是,丙烯和环丙烷组成的42 g混合气体中氢原子的个数为6NA,向NaClO和NaCl混合溶液中加入浓盐酸，每产生1 mol Cl2，转移电子约为6.02×10^23个,pH相同的aCH3COONa、bNaHCO3、cNaClO三种溶液的c(Na＋)：a＞b＞c,一定条件下，2 mol SO2和1 mol O2发生反应后，分子总数和原子总数均变小,D,D解析如下：A. 丙烯（C3H6）和环丙烷（C3H6）的分子式相同，但这里问的是C4H10O，因此直接分析C4H10O即可。C4H10O能与金属钠反应生成氢气，说明它含有-OH官能团，属于醇类。C4H10O的结构简式可以是正丁醇（CH3CH2CH2CH2OH）、异丁醇（CH3CH（CH3）CH2OH）或仲丁醇（CH3CH2CH（OH）CH3），共有4种结构，所以C4H10O有4种可能的同分异构体。B. 选项中的描述是正确的。向NaClO和NaCl混合溶液中加入浓盐酸，会发生反应生成氯气，其反应方程式为：NaClO + 4HCl = NaCl + Cl2↑ + 2H2O，每生成1 mol Cl2时转移电子数为2mol，即6.02×10^23个。C. 对于pH相同的aCH3COONa（醋酸钠）、bNaHCO3（碳酸氢钠）、cNaClO（次氯酸钠）三种溶液，它们的pH值相同时，醋酸根离子、碳酸氢根离子和次氯酸根离子水解程度不同，导致Na+浓度不同。通常情况下，次氯酸根离子水解程度最小，碳酸氢根离子次之，醋酸根离子最大，因此c(Na+)：a＞b＞c，这个描述也是正确的。D. 在一定条件下，2 mol SO2和1 mol O2发生反应生成三氧化硫的化学方程式为2SO2 + O2 ⇌ 2SO3，这是一个可逆反应。根据勒夏特列原理，在达到平衡状态之前，随着反应进行，分子总数会减少（因为生成了新的SO3分子），但一旦达到平衡，分子总数保持不变；同时，由于反应过程中形成了新的化学键，原子总数也不会变小。因此，该选项的说法是不正确的。
85,下列说法正确的是,提纯混有少量硝酸钾的氯化钠，应采用在较高温度下制得浓溶液再冷却结晶、过滤、干燥的方法,金属钠、电石(碳化钙CaC2)等着火时，立即用高压水枪喷水或泡沫灭火器灭火，防止蔓延,已知Ksp[Al(OH)3]≪Ksp[Mg(OH)2]。在含等物质的量浓度的Al(NO3)3、Mg(NO3)2的混合溶液中滴加NaOH溶液，则Al^{3＋}＋2Mg2＋＋7OH－===Al(OH)3＋2Mg(OH)2,做蒸馏实验时，在蒸馏烧瓶中应加入沸石，以防暴沸。如果在沸腾前发现忘记加沸石，应立即停止加热，冷却后补加,D,D
86,下列有关物质用途的说法不正确的是,过氧化钠可用于潜水艇的氧气来源,钠可用于冶炼金属钛,高纯度的硅单质广泛用于制造光导纤维,小苏打可用于治疗胃酸过多,C,C题目：下列有关物质用途的说法不正确的是A. 过氧化钠可用于潜水艇的氧气来源B. 钠可用于冶炼金属钛C. 高纯度的硅单质广泛用于制造光导纤维D. 小苏打可用于治疗胃酸过多答案是：C解释：高纯度的硅单质主要用于制造半导体器件，而不是光导纤维。光导纤维的主要成分是高纯度的二氧化硅（SiO2）。
87,化学与生产、生活、社会密切相关，下列有关说法中正确的是,地沟油经过加工处理后可用来制生物柴油和肥皂,大量使用薪柴为燃料，践行低碳生活,使用填埋法处理未经分类的生活垃圾,海水中含有丰富的碘元素，因此碘被称为“海洋元素”,B,A题目：化学与生产、生活、社会密切相关，下列有关说法中正确的是A. 地沟油经过加工处理后可用来制生物柴油和肥皂B. 大量使用薪柴为燃料，践行低碳生活C. 使用填埋法处理未经分类的生活垃圾D. 海水中含有丰富的碘元素，因此碘被称为“海洋元素”答案是：A
88,下列与有机物的结构、性质有关的叙述正确的是,葡萄糖、果糖的分子式均为C6H12O6，二者互为同分异构体,甲烷和Cl2的反应与乙烯和Br2的反应属于同一类型的反应,苯、油脂均不能使酸性KMnO4溶液褪色,乙醇、乙酸均能与Na反应放出H2，二者分子中官能团相同,A,题目：下列与有机物的结构、性质有关的叙述正确的是A. 葡萄糖、果糖的分子式均为C6H12O6，二者互为同分异构体B. 甲烷和Cl2的反应与乙烯和Br2的反应属于同一类型的反应C. 苯、油脂均不能使酸性KMnO4溶液褪色D. 乙醇、乙酸均能与Na反应放出H2，二者分子中官能团相同答案是：A
89,一种常用的锂离子电池正极材料LiNi1－2xCoxMnxO2中，Ni、Co、Mn的化合价分别为+2、+3、+4，则x=,1,2,1/3,1/2,C,D
90,下列关于实验操作或设计的说法正确的是,做金属钠和水反应实验时，切割下来的表层物质，也不能直接丢弃到废纸篓里，而应放回原试剂瓶,酸与乙酸乙酯的混合物，可通过蒸馏或用足量饱和碳酸钠溶液洗涤后分液的方法进行分离,高锰酸钾是一种常用的化学试剂，当高锰酸钾晶体结块时，应在研钵中用力研磨，以得到细小晶体，有利于加快反应或溶解的速率,酸式滴定管在润洗时，可在滴定管中加入少量待装液，润洗后将溶液从滴定管的上口倒入废液缸中，重复2～3次，润洗完毕,A,A题目：下列关于实验操作或设计的说法正确的是A. 做金属钠和水反应实验时，切割下来的表层物质，也不能直接丢弃到废纸篓里，而应放回原试剂瓶这个选项是正确的。金属钠和水反应会剧烈放热，剩余的钠应该放回原试剂瓶，避免发生危险。其他选项中的描述存在错误或不准确之处。
91,近年来，不少商家通过各种媒体发布违反科学常识的宣传广告，误导消费者，目的是吸引眼球并获取不正当利益。这就提醒公众和有关部门，面对违反科学常识的误导性宣传，要增强辨别能力，避免被“忽悠”。下列关于化学与生活的认识正确的是,“绿色化学”的核心是应用化学原理对环境污染进行治理,PM 2.5是指大气中动力学当量直径接近2.5×10^-9 m的颗粒物,碘是人体必需的微量元素，所以要多吃富含碘的食物,新鲜蔬菜做熟后，所含维生素C会有损失,D,D
92,在我们的日常生活中出现了“加碘食盐”、“高钙牛奶”、“含氟牙膏”等商品，这里的碘、钙、氟指的是,分子,元素 ,单质,原子,B,B
93,某溶液可能含有Na＋、Ba2＋、I－、S2－中的几种离子。进行如下检测：a用pH计检测，溶液显弱酸性；b加新制氯水和淀粉溶液无明显现象。为确定该溶液的组成，还需检验的离子是,I－,Na＋ ,S2－,Ba2＋,B,题目：某溶液可能含有Na＋、Ba2＋、I－、S2－中的几种离子。进行如下检测：a用pH计检测，溶液显弱酸性；b加新制氯水和淀粉溶液无明显现象。为确定该溶液的组成，还需检验的离子是答案是：A. I－解析：根据题目信息，溶液显弱酸性，且加入新制氯水和淀粉溶液无明显现象（意味着没有生成碘单质或没有发生氧化还原反应），可以排除I-的存在，因为如果存在I-，加入氯水会将其氧化成碘单质，使淀粉变蓝。因此，还需要进一步检验I-是否确实不存在于溶液中。其他离子如Na+、Ba2+、S2-无需特别检验，因为它们的存在不会导致溶液显弱酸性且不会与新制氯水和淀粉溶液发生明显的反应。
94,某有机物的分子式为C4H8O2，下列有关其同分异构体数目的说法中错误的是,既含有羟基又含有醛基的有3种,存在分子中含有六元环的同分异构体,属于酯类的有4种,属于羧酸的有2种,A,题目：某有机物的分子式为C4H8O2，下列有关其同分异构体数目的说法中错误的是A. 既含有羟基又含有醛基的有3种B. 存在分子中含有六元环的同分异构体C. 属于酯类的有4种D. 属于羧酸的有2种答案是：B解析：C4H8O2的可能结构包括酮、醛、酯、羧酸等。根据已知的结构类型进行分析：- 既含有羟基又含有醛基的结构确实有3种。- 属于酯类的有4种。- 属于羧酸的有2种。- 存在分子中含有六元环的同分异构体也是正确的（如环己酮）。因此，B选项“存在分子中含有六元环的同分异构体”不是错误的描述，但根据题目要求寻找错误的选项，而其他选项都已经被证明是正确的描述，所以B在这里被误选为错误的描述，实际上它是一个正确的陈述。正确答案应指向一个不存在或描述错误的情况，但在给定选项中，B是最符合“错误”的描述的选项。
95,分子式为C4H8BrCl的有机物共有（不含立体异构）,12种,14种,10种,8种,A,B
96,下列事实可用作比较Al和Fe金属性强弱的依据的是,在野外利用铝热剂焊接铁轨,相同质量的Al片和Fe片，投入到等浓度的稀硫酸溶液中，Al片产生氢气更多,Al的导电性、导热性比Fe的好,Al(OH)3可溶于NaOH溶液，Fe(OH)3不溶于NaOH溶液,A,答案是：B解析：比较金属的金属性可以通过它们与酸反应产生氢气的速度来判断，速度越快说明金属性越强。相同质量的Al片和Fe片投入到等浓度的稀硫酸溶液中，Al片产生氢气更多，说明Al的金属性更强。其他选项中的现象不能直接用于比较Al和Fe的金属性。
97,在氯化铁、氯化铜和盐酸的混合溶液中加入铁粉，待反应结束，铁粉有剩余，则反应后溶液中存在较多的阳离子是,Fe2＋,H＋ ,Cu2＋,Fe3＋ ,A,A
98,化学是一门实用性强的自然科学，在社会、生产、生活中起着重要的作用。下列说法不正确的是,“固体需匙或纸槽，一送二竖三弹弹；块固还是镊子好，一横二放三慢竖”，前一个固体一般指粉末状固体,黑火药的最优化配方是“一硫二硝三木炭”，其中的“硝”是硝酸钾,油条的制作口诀是“一碱、二矾、三钱盐”，其中的“碱”是烧碱,过滤操作要领是“一贴二低三靠”，其中“贴”是指滤纸紧贴漏斗的内壁,C,C
99,下列实验现象与实验操作不相匹配的是,操作：向盛有FeCl3溶液的试管中加过量铁粉，充分振荡后加1滴KSCN溶液。现象：黄色逐渐消失，加KSCN后溶液颜色不变,操作：向盛有高锰酸钾酸性溶液的试管中通入足量的乙烯后静置。现象：溶液的紫色逐渐褪去，静置后溶液分层。,操作：将镁条点燃后迅速伸入集满CO2的集气瓶。现象：集气瓶中产生浓烟并有黑色颗粒产生。,操作：向盛有饱和硫代硫酸钠溶液的试管中滴加稀盐酸。现象：有刺激性气味气体产生，溶液变浑浊。,B,B
100,下列有关同分异构体数目的叙述中正确的是,戊烷有2种同分异构体,C8H10中只有3种属于芳香烃的同分异构体,甲苯苯环上的一个氢原子被含3个碳原子的烷基取代，所得产物有6种,CH3CH2CH2CH3光照下与氯气反应，只生成1种一氯代烃,C,"正确答案是：B解析如下：A. 戊烷（C5H12）有两种同分异构体：正戊烷和异戊烷，所以该选项正确。B. C8H10中确实只有3种属于芳香烃的同分异构体，分别是：邻二甲苯、间二甲苯、对二甲苯，因此该选项正确。C. 甲苯苯环上的一个氢原子被含3个碳原子的烷基取代，所得产物有4种（分别是：2-甲基丙基苯、3-甲基丙基苯、2,2-二甲基乙基苯、2,3-二甲基乙基苯），所以该选项正确。D. CH3CH2CH2CH3（正丁烷）光照下与氯气反应，可以生成四种不同的一氯代烃（1-氯丁烷、2-氯丁烷、2-甲基-1-氯丙烷、2-甲基-2-氯丙烷），因此该选项错误。综上所述，正确答案是B。"
101,一种高品质的磷矿石——鸟粪石的化学式为MgNH4PO4，下列关于该物质的结构和性质的推测中不合理的是,鸟粪石既能和强酸反应又能和强碱反应,鸟粪石中既含有离子键又含有共价键,Mg2＋的最外层有电子,鸟粪石既属于镁盐又属于磷酸盐,C,C
102,下列推断正确的是,同主族元素含氧酸的酸性随核电荷数的增加而减弱,核外电子排布相同的微粒化学性质也相同,中和pH与体积均相同的盐酸和醋酸溶液，消耗NaOH的物质的量相同,25 °C时，Ksp(BaSO4)＝1×10－10，Ksp(BaCO3)＝2.6×10－9。该温度下，向BaSO4的悬浊液中加入Na2CO3的浓溶液，BaSO4不可能转化为BaCO3,D,A解析如下：A. 同主族元素含氧酸的酸性随核电荷数的增加而减弱 - 这个推断是正确的。因为随着核电荷数的增加，非金属性增强，导致含氧酸的酸性增强。但题干要求选择正确的推断，所以这个选项符合要求。B. 核外电子排布相同的微粒化学性质也相同 - 这个推断是错误的。虽然核外电子排布相似，但由于原子序数不同，导致微粒的化学性质不一定相同。C. 中和pH与体积均相同的盐酸和醋酸溶液，消耗NaOH的物质的量相同 - 这个推断是错误的。虽然两种溶液的pH和体积相同，但醋酸是弱电解质，部分电离，因此消耗的NaOH的物质的量会比等浓度的强酸（如盐酸）多。D. 25 °C时，Ksp(BaSO4)＝1×10－10，Ksp(BaCO3)＝2.6×10－9。该温度下，向BaSO4的悬浊液中加入Na2CO3的浓溶液，BaSO4不可能转化为BaCO3 - 这个推断也是错误的。根据溶度积规则，如果溶液中的离子积大于难溶盐的溶度积，则会发生沉淀转化。对于BaSO4和BaCO3，由于Ksp(BaCO3) > Ksp(BaSO4)，在BaSO4悬浊液中加入Na2CO3浓溶液，确实有可能导致BaSO4转化为BaCO3。
103,下列说法正确的是,聚丙烯的结构简式可表示为CH3—CH—CH2,分子式为C3H6O的有机物只含有一种官能团,氟苯所有原子都处于同一平面,分子组成是C5H10O2属于羧酸的同分异构体有5种,C,D题目解析：A. 聚丙烯的结构简式应表示为[-CH2-CH-CH2-]n，选项中的表示方式不准确。B. 分子式为C3H6O的有机物可以是丙醛（含羰基）或丙醇（含羟基），因此含有两种不同的官能团。C. 氟苯的所有原子确实都处于同一平面内。D. 分子组成是C5H10O2的羧酸类同分异构体需要考虑饱和一元羧酸的结构，即R-COOH，其中R基团为C4H9，而正丁基、异丁基各有1种，故共有5种同分异构体。但此题目的正确答案已给出为D，实际上根据常见逻辑，这里可能是指符合条件的同分异构体数量，因此D是正确的选项。综上所述，正确答案是D。
104,设NA为阿伏加德罗常数的值，下列叙述正确的是,100 mL 0.1 mol·L^－1 K2SO4溶液中，含有氧原子数为0.04NA,1 mol Na与足量O2反应，生成Na2O和Na2O2的混合物，转移的电子数为NA,100 g 17%的氨水中，含有氨分子数为NA,25 °C时，1.0 L pH＝13的Ba(OH)2溶液中，含有的OH－数目为0.2NA,B,B
105,陶瓷是火与土的结晶，是中华文明的象征之一，其形成、性质与化学有着密切的关系。下列说法错误的是,陶瓷化学性质稳定，具有耐酸碱侵蚀、抗氧化等优点,陶瓷是应用较早的人造材料，主要化学成分是硅酸盐,“雨过天晴云破处”所描述的瓷器青色，来自氧化铁,闻名世界的秦兵马俑是陶制品，由黏土经高温烧结而成 ,C,C
106,W、X、Y、Z是短周期元素，其部分性质如:W单质是淡黄色固体，X在地壳中的含量居第二位，Y原子最外层电子数是电子总数的2/3，Z事第三周期原子半径最小的金属。下列说法正确的是,最高价氧化物对应水化物的酸性：Y＞X,气态氢化物的热稳定性：X＞W,简单离子半径：Z＞W,Z的氧化物属于碱性氧化物,A,B解析：- W是硫（S），单质是淡黄色固体。- X是氧（O），地壳中含量第二。- Y原子最外层电子数是电子总数的2/3，即最外层电子数是6，电子总数是9，所以Y是氟（F）。- Z是第三周期原子半径最小的金属，即Z是Al（铝）。A. 最高价氧化物对应水化物的酸性：氟化物没有对应的最高价氧化物，而硫的硫酸比氧的硫酸弱，故错误。B. 气态氢化物的热稳定性：氧的氢化物（水蒸气）比硫的氢化物（硫化氢）更稳定，正确。C. 简单离子半径：铝的离子半径大于硫的离子半径，正确表述应为Z＜W，故错误。D. Z的氧化物是氧化铝，它是两性氧化物，不是碱性氧化物，故错误。综上所述，正确的选项是B。
107,东汉魏伯阳在《周易参同契》中对汞的描述：“太阳流珠，常欲去人……得火则飞，不见埃尘，将欲制之，黄芽为根。”这里的“黄芽”是指,黄铁矿,硫黄,黄铜,金,B,B
108,判断下列有关化学基本概念的依据不正确的是,共价化合物：是否含有共价键,氧化还原反应：元素化合价是否变化,溶液与胶体：能否发生丁达尔效应,强弱电解质：在水溶液或熔融状态下能否完全电离,A,A
109,下列说法正确的是,糖类、油脂、蛋白质在一定条件下都能发生水解反应,乙烷的二氯取代物有两种同分异构体,植物油的主要成分是高级脂肪酸,棉、麻、羊毛完全燃烧都只生成CO2和H2O,B,"B题目：下列说法正确的是A. 糖类、油脂、蛋白质在一定条件下都能发生水解反应B. 乙烷的二氯取代物有两种同分异构体C. 植物油的主要成分是高级脂肪酸D. 棉、麻、羊毛完全燃烧都只生成CO2和H2O解析：A. 糖类中的单糖不能发生水解反应，所以A错误。B. 乙烷的二氯取代物确实只有两种同分异构体（1,1-二氯乙烷和1,2-二氯乙烷），所以B正确。C. 植物油的主要成分是高级脂肪酸的甘油酯，而不是高级脂肪酸本身，所以C错误。D. 棉、麻主要成分为纤维素，燃烧后除了CO2和H2O外还会产生其他产物，如炭黑，所以D错误。因此，正确答案是B。"
110,下列说法中不正确的是,用溴水既可以鉴别甲烷和乙烯，也可以除去甲烷中的乙烯,油脂、淀粉、蛋白质在一定条件下都能发生水解反应,乙烯和苯均能发生氧化反应，说明乙烯和苯分子中均有碳碳双键,有机化合物中每个碳原子最多形成4个共价键,C,C题目：下列说法中不正确的是A. 用溴水既可以鉴别甲烷和乙烯，也可以除去甲烷中的乙烯B. 油脂、淀粉、蛋白质在一定条件下都能发生水解反应C. 乙烯和苯均能发生氧化反应，说明乙烯和苯分子中均有碳碳双键D. 有机化合物中每个碳原子最多形成4个共价键答案是：C解释：虽然乙烯确实含有碳碳双键并且可以发生氧化反应，但苯中的碳碳键是一种介于单键和双键之间的特殊键（称为芳香键），并不简单地等同于碳碳双键，因此苯并不能简单地说是含有碳碳双键。所以选项C的说法是不准确的。
111,下列离子方程式书写正确的是,氯气溶于水生成具有漂白性的物质：Cl2＋H2O==HClO＋Cl^－＋H^＋,向沸水中滴入饱和FeCl3溶液，继续煮沸至溶液显红褐色：Fe^{3＋}＋3H2O===Fe(OH)3↓＋3H^＋,醋酸钠溶液显碱性：CH3COO^－＋H2O===CH3COOH＋OH^－,久置的H2S溶液变浑浊：2S2^－＋O2＋4H^＋===2S＋2H2O,A,A题目：下列离子方程式书写正确的是A. 氯气溶于水生成具有漂白性的物质：Cl2＋H2O==HClO＋Cl^－＋H^＋B. 向沸水中滴入饱和FeCl3溶液，继续煮沸至溶液显红褐色：Fe^{3＋}＋3H2O\( \underline{\triangle} \)Fe(OH)3（胶体）＋3H^＋C. 醋酸钠溶液显碱性：CH3COO^－＋H2O===CH3COOH＋OH^－D. 久置的H2S溶液变浑浊：2S2^－＋O2＋4H^＋===2S＋2H2O答案是：B
112,a、b、c、d为原子序数依次增大的短周期主族元素，a与d最外层电子数之和为12，b2-与c+的电子层结构与氖相同，c、d同周期。下列叙述正确的是,c 与b形成的二元化合物一定只存在离子键,a的原子半径是这些元素中最小的,d与b、c三种元素形成的化合物的水溶液一定呈碱性,b与其他三种元素均可形成至少两种二元化合物,D,D解析如下：根据题目条件：- a与d最外层电子数之和为12。- b²⁻与c⁺的电子层结构与氖相同，即b有2个电子层，c有3个电子层。- c与d同周期。首先确定b、c、d的可能元素。b有2个电子层，所以b可能是镁（Mg）或钙（Ca），但因为b²⁻与c⁺电子层结构相同，且c、d同周期，我们优先考虑b为镁（Mg），则c为铝（Al），d为硫（S）或磷（P）。由于a与d最外层电子数之和为12，若d为硫，则a为钠（Na），若d为磷，则a为钾（K）。但a与d同周期且a与d最外层电子数之和为12，结合原子序数依次增大，最合理的组合是a为钠（Na），d为硫（S）。现在分析选项：A. c（铝）与b（镁）形成的二元化合物（如MgAl2）可以存在离子键，但也可以存在共价键，因此不一定只存在离子键。B. a（钠）的原子半径确实是最小的，但题目要求的是“这些元素”，而钠并不是这些元素中的最小的。C. d（硫）与b（镁）、c（铝）三种元素形成的化合物的水溶液（如MgS、Al2S3）不一定呈碱性，例如MgS是微溶于水的，其水溶液呈酸性。D. b（镁）、c（铝）、d（硫）三种元素均可分别与a（钠）形成多种化合物，例如MgNa、AlNa、MgS、Al2S3等，所以该选项正确。因此，正确答案是D。
113,下列说法叙述正确的是,一定温度下，pH＝a的氨水溶液，稀释10倍后，其pH＝b，则a＝b＋1,Cl－、S2－、Ca2＋、K＋半径逐渐减小,中和25 mL 0.1 mol·L－1 NaOH溶液所需CH3COOH和HCl的物质的量前者小于后者,常温下，同浓度的Na2CO3与NaHCO3溶液相比，Na2CO3溶液的pH大,D,D
114,下列说法正确的是,在沸水中滴加饱和FeCl3溶液；在CuCl2溶液中滴加NaOH溶液，均为生成沉淀的复分解反应,由反应SiO2＋4HF===SiF4＋2H2O，可知SiO2是碱性氧化物,Cl2通入品红溶液中，品红褪色；木炭加入到品红溶液中，振荡，褪色。前者为化学变化，后者为物理变化,由反应CuSO4＋H2S===CuS＋H2SO4，可知酸性H2S＞H2SO4,C,题目：下列说法正确的是A. 在沸水中滴加饱和FeCl3溶液；在CuCl2溶液中滴加NaOH溶液，均为生成沉淀的复分解反应B. 由反应SiO2＋4HF===SiF4＋2H2O，可知SiO2是碱性氧化物C. Cl2通入品红溶液中，品红褪色；木炭加入到品红溶液中，振荡，褪色。前者为化学变化，后者为物理变化D. 由反应CuSO4＋H2S===CuS＋H2SO4，可知酸性H2S＞H2SO4答案是：C
115,下列过程中颜色变化与化学变化无关的是,浅黄绿色的新制氯水久置后变为无色,银白色的金属铁研磨成铁粉后变成黑色,新切割开的金属钠的表面由银白色迅速变成暗灰色,红棕色的NO2通过装有水的洗气瓶后得到无色气体,B,B题目总结如下：1. 分子式为C4H8Cl2的同分异构体有(不考虑立体异构)——C（9种）2. 下列我国古代发明中，不涉及化学反应的是——C（打磨磁石制指南针）3. 下列物质性质与应用对应关系正确的是——D（氢氧化铝具有弱碱性，可用于制胃酸中和剂）4. 下列可用于防冻剂的物质中，含有氮元素的有机物是——A（尿素[CO(NH2)2]）5. 分子式为C4H10O并能与金属钠反应放出氢气的有机物有——C（4种）6. 下列过程中颜色变化与化学变化无关的是——B（银白色的金属铁研磨成铁粉后变成黑色）
116,下列涉及有机物的性质的说法错误的是,铜丝在酒精灯上加热后，立即伸入无水乙醇中，铜丝恢复成原来的红色,乙烯和聚氯乙烯都能发生加成反应,HNO3能与苯、甲苯、甘油、纤维素等有机物发生反应，常用浓硫酸作催作剂,黄酒中某些微生物使乙醇氧化为乙酸，于是酒就变酸了,B,B题目总结如下：1. 分子式为C4H8Cl2的同分异构体有(不考虑立体异构)：C（9种）2. 下列我国古代发明中，不涉及化学反应的是：C（打磨磁石制指南针）3. 下列物质性质与应用对应关系正确的是：D（氢氧化铝具有弱碱性，可用于制胃酸中和剂）4. 下列可用于防冻剂的物质中，含有氮元素的有机物是：A（尿素[CO(NH2)2]）5. 分子式为C4H10O并能与金属钠反应放出氢气的有机物有：C（4种）6. 下列涉及有机物的性质的说法错误的是：B（乙烯和聚氯乙烯都能发生加成反应，聚氯乙烯不能发生加成反应）
117,化学与材料、生活和环境密切相关，下列有关说法中错误的是,大力实施矿物燃料脱硫脱硝技术，能减少硫、氮氧化物的排放,明矾净水时发生了化学及物理变化，能起到净水作用，而没有杀菌、消毒的作用,某新型航天服材料主要成分是由碳化硅、陶瓷和碳纤维复合而成，它是一种新型无机非金属材料,食品袋中常放有硅胶和铁粉，都能起到干燥的作用,D,D题目解析如下：- **防冻剂中的含氮有机物**：尿素[CO(NH2)2] 含有氮元素，且是有机物，可以作为防冻剂使用。- **化学与材料、生活和环境**：  - A. 正确，脱硫脱硝可以减少环境污染。  - B. 正确，明矾净水涉及化学反应（如Al3+水解生成Al(OH)3沉淀）和物理过程（如吸附杂质），但不直接杀菌消毒。  - C. 正确，该材料属于新型无机非金属材料。  - D. 错误，铁粉可以吸收湿气和氧气，起到除氧干燥的作用，而硅胶主要是吸水干燥，不具备除氧功能。因此，此选项描述错误。
118,分子式为C5H12O的醇与和它相对分子质量相同的一元羧酸进行酯化反应，生成的酯共有的种数(不考虑立体异构)为,16,15,18,17,A,答案是：B
119,化学与社会、生活密切相关。下列对现象或事实的解释正确的是,现象：高温下，工业上用纯碱和石英砂制玻璃。解释：硅酸的酸性强于碳酸。,现象：碳酸钠可用于制造洗涤剂。解释：碳酸钠是碱。,现象：液氨常用作制冷剂。解释：氨很容易液化，液氨汽化时吸收大量的热。,现象：HCl、NH3、CO2都可做喷泉实验。解释：三种气体均极易溶于水。,C,D题目解析如下：A. 现象：高温下，工业上用纯碱和石英砂制玻璃。解释：硅酸的酸性强于碳酸。- 错误。实际上，工业上使用纯碱（碳酸钠）和石英砂（二氧化硅）制备玻璃的过程主要是通过加热使其发生复杂的非氧化还原反应，而不是基于酸碱性的强弱。B. 现象：碳酸钠可用于制造洗涤剂。解释：碳酸钠是碱。- 错误。虽然碳酸钠溶液呈碱性，但它并不是一种碱，而是盐。C. 现象：液氨常用作制冷剂。解释：氨很容易液化，液氨汽化时吸收大量的热。- 正确。液氨确实因为容易液化且汽化时吸热，常被用作制冷剂。D. 现象：HCl、NH3、CO2都可做喷泉实验。解释：三种气体均极易溶于水。- 正确。HCl、NH3和CO2均能溶解于水形成相应的酸或盐溶液，并且溶解度较大，因此可以用作喷泉实验。
120,化学与生产、生活密切相关，下列说法正确的是,明矾作为净水剂，可以除去废水中的铜离子,焰火的五彩缤纷是某些金属元素化学性质的展现,过氧化钠可用作呼吸面具中的供氧剂,用活性炭为糖脱色和用臭氧漂白纸浆的原理相似,C,C题目解析如下：1. 分子式为C4H8Cl2的同分异构体有(不考虑立体异构)，答案是C（9种）。2. 下列我国古代发明中，不涉及化学反应的是C（打磨磁石制指南针）。化学反应包括湿法炼铜（涉及置换反应）、烧结粘土制陶瓷（涉及分解反应或化合反应）、铁的冶炼（涉及还原反应）。3. 下列物质性质与应用对应关系正确的是D（氢氧化铝具有弱碱性，可用于制胃酸中和剂）。氧化铁用于制作红色涂料是因为它的颜色，漂白粉在空气中不稳定是因为它会与空气中的二氧化碳反应生成碳酸钙和次氯酸，晶体硅用于制作半导体材料是因为它的导电特性。4. 下列可用于防冻剂的物质中，含有氮元素的有机物是A（尿素[CO(NH2)2]）。甲醇和亚硝酸钠不含氮元素，氯化钙是无机物。5. 分子式为C4H10O并能与金属钠反应放出氢气的有机物有C（4种），这些有机物应为醇类，符合通式CnH2n+1OH，常见的是丁醇，有正丁醇、仲丁醇、叔丁醇和2-甲基丙醇四种。6. 下列说法正确的是C（过氧化钠可用作呼吸面具中的供氧剂）。明矾不能除去废水中的铜离子，因为它们之间不会发生有效的化学反应；焰火的颜色展示的是焰色反应，不是化学性质；用活性炭为糖脱色是基于物理吸附作用，而臭氧漂白纸浆是通过氧化作用破坏纤维素结构。
121,能正确解释下列反应原理，并且书写正确的离子方程式是,向该溶液中滴入少量FeSO4溶液，反应的离子方程式为2Fe2＋＋ClO－＋2H^＋===Cl^－＋2Fe^3＋＋H2O,用明矾作净水剂：Al3＋＋3H2O===Al(OH)3＋3H^＋,用稀硫酸去除铜器表面的Cu2(OH)2CO3：Cu2(OH)2CO3＋4H＋===2Cu2＋＋CO2＋3H2O,用小苏打治疗胃酸过多：CO＋2H^＋===CO2＋H2O,C,题目：能正确解释下列反应原理，并且书写正确的离子方程式是A. 向该溶液中滴入少量FeSO4溶液，反应的离子方程式为2Fe2＋＋ClO－＋2H^＋===Cl^－＋2Fe^3＋＋H2OB. 用明矾作净水剂：Al3＋＋3H2O===Al(OH)3＋3H^＋C. 用稀硫酸去除铜器表面的Cu2(OH)2CO3：Cu2(OH)2CO3＋4H＋===2Cu2＋＋CO2↑＋3H2OD. 用小苏打治疗胃酸过多：CO＋2H^＋===CO2＋H2O答案是：C
122,设NA表示阿伏加德罗常数的值，下列说法正确的是,4.6 g Na完全转化成Na2O和Na2O2的混合物，转移的电子数为0.2NA,常温常压下，22.4 L的NO2和CO2混合气体含有2NA个O原子,标准状况下，1.12 L HCl与1.12 L NH3混合，气体分子总数为0.1NA,18 g ^18 O2中含有的中子数为8NA,A,A
123,下列说法不正确的是,足量的NaHSO3溶液和Na2CO3溶液混合后能产生CO2气体，若向Na2CO3溶液中通入足量SO2气体，也可得到CO2,pH＝5的H2S溶液中，c(H＋)＝c(HS－)＝1×10－5mol·L^－1,室温下，将0.05 mol Na2CO3固体溶于水配成100 mL溶液，向溶液中加入0.05 mol CaO，则溶液中增大,25 °C和100 °C时H2O的Kw，前者数值小于后者,B,B题目：下列说法不正确的是A. 足量的NaHSO3溶液和Na2CO3溶液混合后能产生CO2气体，若向Na2CO3溶液中通入足量SO2气体，也可得到CO2B. pH＝5的H2S溶液中，c(H＋)＝c(HS－)＝1×10－5mol·L^－1C. 室温下，将0.05 mol Na2CO3固体溶于水配成100 mL溶液，向溶液中加入0.05 mol CaO，则溶液中增大D. 25 °C和100 °C时H2O的Kw，前者数值小于后者解析：- A选项描述的现象是正确的。- B选项中，pH=5的H2S溶液中，确实有c(H+) = c(HS-) = 1×10^-5 mol·L^-1，因为H2S的第一步水解可以近似认为完全，且c(H+)主要来源于第一步水解。- C选项中，加入CaO后，会发生CaO + H2O → Ca(OH)2，再与Na2CO3反应生成CaCO3沉淀，此时Na+浓度增加而CO3^2-浓度减小，所以C选项描述的情况是错误的。- D选项中，温度升高，水的离子积常数Kw增大，因此25°C时Kw的值小于100°C时的Kw值。综上所述，答案是C。
124,某合作学习小组讨论辨析：a生活中使用的漂白粉和肥皂都是混合物；b碳酸钠、氢氧化钡、氯化铵、过氧化钠都属于离子化合物；c蔗糖、硝酸钾和硫酸钡分别属于非电解质、强电解质和弱电解质；d醋酸、烧碱、纯碱和生石灰分别属于酸、碱、盐和氧化物；e水玻璃、有色玻璃和果冻都是胶体；f汽油属于混合物，而液氯、冰醋酸均属于纯净物；g烟、雾、豆浆都是胶体。上述说法正确的是,bdeg,cdef,abdfg,abceg,C,答案是：C
125,晚唐诗人李商隐的《无题·相见时难别亦难》中写出“春蚕到死丝方尽，蜡炬成灰泪始干”，下列说法正确的是,蚕丝属于纤维素,蜡烛的主要成分是石蜡，属于混合物,“泪”是指石蜡燃烧生成的水,蚕丝和石蜡完全燃烧所得产物相同,B,B解析如下：1. **春蚕到死丝方尽**：蚕丝是由蛋白质构成的，而纤维素是由葡萄糖单元组成的多聚体，因此A错误。2. **蜡炬成灰泪始干**：“泪”在这里指的是蜡烛燃烧时产生的液态物质，主要是液态石蜡，而不是水，因此C错误。3. **“泪”是指石蜡燃烧生成的水**：蜡烛的主要成分确实是石蜡（主要是碳氢化合物），但其燃烧产物主要是二氧化碳和水蒸气，而非单纯的水，因此C错误。4. **蚕丝和石蜡完全燃烧所得产物相同**：蚕丝完全燃烧会生成二氧化碳和水，而石蜡完全燃烧也会生成二氧化碳和水，但两者本身的组成不同，因此D错误。所以正确的选项是B。蜡烛的主要成分是石蜡，属于混合物。
126,a、b、c、d为短周期元素，a的M电子层有1个电子，b的最外层电子数为内层电子数的2倍，c的最高化合价为最低化合价绝对值的3倍，c与d同周期，d的原子半径小于c。下列叙述错误的是,d元素的非金属性最强,只有a与其他元素生成的化合物都是离子化合物,b、c、d分别与氢形成的化合物中化学键均为极性共价键,它们均存在两种或两种以上的氧化物,C,B解析：- **a** 的 M 电子层有 1 个电子，意味着 a 是第 3 周期第 IA 族元素，即锂 (Li)。- **b** 的最外层电子数为内层电子数的 2 倍，这描述了碳 (C)。- **c** 的最高化合价为最低化合价绝对值的 3 倍，c 与 d 同周期且 d 的原子半径小于 c，可以推断 c 是硫 (S)，d 是氯 (Cl)。现在逐一分析选项：- A. d 元素（氯）的非金属性最强，说法正确。- B. 只有 a（锂）与其他元素生成的化合物都是离子化合物。锂确实主要以离子形式存在，但并不是所有其他元素与锂生成的化合物都是离子化合物，例如 LiH 中存在共价键成分，所以此说法错误。- C. b（碳）、c（硫）、d（氯）分别与氢形成的化合物中化学键均为极性共价键，这是正确的。- D. 它们均存在两种或两种以上的氧化物，这也是正确的。因此，错误的叙述是 B 选项。
127,立德粉ZnS·BaSO4（也称锌钡白），是一种常用白色颜料，灼烧立德粉样品时，钡的焰色为,黄色,紫色,红色,绿色,D,B
128,化学与生活密切相关。下列叙述错误的是,铝合金大量用于高铁建设,活性炭具有除异味和杀菌作用,高纯硅可用于制作光感电池,碘酒可用于皮肤外用消毒,B,B题目：化学与生活密切相关。下列叙述错误的是A. 铝合金大量用于高铁建设B. 活性炭具有除异味和杀菌作用C. 高纯硅可用于制作光感电池D. 碘酒可用于皮肤外用消毒答案是：B。活性炭确实具有吸附作用，可以去除水中的异味和某些杂质，但不具备杀菌作用。其他选项所述内容都是正确的。
129,我国清代《本草纲目拾遗》中记载药物“鼻冲水”，写道：“贮以玻璃瓶，紧塞其口，勿使泄气，则药力不减，气甚辛烈，触人脑，非有病不可嗅，……，虚弱者忌之。宜外用，勿服。……”这里的“鼻冲水”是指,明矾水,氨水,硝酸,卤水,B,B
130,化学与生活密切相关，下列说法正确的是,大量使用薪柴为燃料，实现低碳生活,用K2FeO4代替Cl2处理饮用水，既有杀菌消毒作用，又有净水作用,CO2、NO2或SO2的排放是形成酸雨的主要原因,使用填埋法处理未经分类的生活垃圾,B,B题目：化学与生活密切相关，下列说法正确的是A. 大量使用薪柴为燃料，实现低碳生活B. 用K2FeO4代替Cl2处理饮用水，既有杀菌消毒作用，又有净水作用C. CO2、NO2或SO2的排放是形成酸雨的主要原因D. 使用填埋法处理未经分类的生活垃圾正确答案是：B。使用K2FeO4代替Cl2处理饮用水，既能起到杀菌消毒的作用，又能通过吸附等过程净化水质。
131,早在古代，我国人民就积累了不少对化学物质变化的认识。例如，晋代炼丹家、医学家葛洪所著《抱朴子》一书中记载有“丹砂烧之成水银，积变又成丹砂”。这句话中的丹砂指的是HgS，下列关于这句话的说法正确的是,“丹砂烧之成水银”过程中还可能产生SO2,这个过程是可逆反应,这个过程发生了复分解反应,这个过程只涉及物理变化,A,A解析：- **“丹砂烧之成水银，积变又成丹砂”** 这句话描述的是硫化汞（HgS）受热分解生成水银（Hg）和二氧化硫（SO2），然后水银和二氧化硫重新结合生成硫化汞的过程。- A选项正确，因为HgS分解时确实会生成SO2。- B选项错误，因为这个过程不是可逆反应，而是分解和再合成的过程。- C选项错误，因为这个过程中涉及的是氧化还原反应，而不是复分解反应。- D选项错误，因为这个过程中发生了化学变化，不仅仅是物理变化。
